image,model,psnr,ssim,mae,mse,rmse,lpips
00690.png,RetinexNet,16.679919704486505,0.6734831429221496,0.10205626,0.021478701,0.14655613600255704,
00691.png,RetinexNet,16.591585134937528,0.629192611575189,0.10261454,0.021920048,0.14805420628945332,
00692.png,RetinexNet,18.19193310927009,0.7182121131599581,0.09763737,0.015163752,0.12314118726080239,
00693.png,RetinexNet,18.82792400245051,0.7379807887329187,0.090666726,0.013098079,0.11444683918745856,
00694.png,RetinexNet,19.545999629781,0.71231774231833,0.084906206,0.0111019695,0.1053658839473195,
00695.png,RetinexNet,19.5630443099161,0.7135686679372785,0.08474814,0.011058483,0.10515932198336009,
00696.png,RetinexNet,16.649555885362307,0.620005025596199,0.12507857,0.021629397,0.1470693611871623,
00697.png,RetinexNet,16.60627030977254,0.6125904594792916,0.12547325,0.021846052,0.14780410007844844,
00698.png,RetinexNet,18.617466966082286,0.5900349450371895,0.091713525,0.013748436,0.11725372488752756,
00699.png,RetinexNet,18.62492778059869,0.5701711613986165,0.09141484,0.013724837,0.11715304946948671,
00700.png,RetinexNet,16.348291943487773,0.6569233345998545,0.13403615,0.023183063,0.15225985353992694,
00701.png,RetinexNet,16.39997749879545,0.6661742021886691,0.13331491,0.022908796,0.15135651951600895,
00702.png,RetinexNet,14.189434605828136,0.6465671888502699,0.1541827,0.038111545,0.1952217841328165,
00703.png,RetinexNet,14.18142544526454,0.6456768309077556,0.15433809,0.038181894,0.19540187818954044,
00704.png,RetinexNet,14.14447433677839,0.6441146391777784,0.15480436,0.038508143,0.1962349178917962,
00705.png,RetinexNet,16.48069716358616,0.6112086269984326,0.12499067,0.022486936,0.14995644701045702,
00706.png,RetinexNet,16.12083630243278,0.6208288811503145,0.12536201,0.0244296,0.15629971209186536,
00707.png,RetinexNet,16.41763650559076,0.6118857696610164,0.1250829,0.022815835,0.15104911452901668,
00708.png,RetinexNet,18.570379166589507,0.6176661107597147,0.09173138,0.013898313,0.11789110653480185,
00709.png,RetinexNet,18.554631081382947,0.6298722721375022,0.091992855,0.013948801,0.11810504222936462,
00710.png,RetinexNet,16.821032379318165,0.7408756885742215,0.11554215,0.020792024,0.14419439656241848,
00711.png,RetinexNet,16.80845028959823,0.7408486231716603,0.11563408,0.020852348,0.1444034210121076,
00712.png,RetinexNet,21.70004250278162,0.8527442404074748,0.06323903,0.0067607635,0.08222386210827122,
00713.png,RetinexNet,21.628259443964165,0.8523144558848119,0.06405546,0.0068734386,0.08290620362795537,
00714.png,RetinexNet,17.275688944025816,0.7291697542538662,0.11072455,0.0187254,0.1368407833944252,
00715.png,RetinexNet,16.818172425208957,0.7134777293386675,0.119819455,0.02080572,0.14424188018741296,
00716.png,RetinexNet,15.837540515057304,0.7621475880633984,0.14714815,0.026076298,0.16148157170401828,
00717.png,RetinexNet,17.434697076163896,0.6032126129199042,0.09846246,0.018052207,0.1343585017778927,
00718.png,RetinexNet,12.363460096496627,0.6580210640782529,0.2257151,0.058030188,0.24089455784637395,
00719.png,RetinexNet,12.368022107504393,0.660289800781846,0.22542322,0.057969265,0.2407680730495636,
00720.png,RetinexNet,17.05229720347686,0.7093459120211018,0.12584844,0.019713797,0.14040582965105117,
00721.png,RetinexNet,16.24131049270497,0.688993104302611,0.14013325,0.023761231,0.15414678394309755,
00722.png,RetinexNet,12.56228565447756,0.6625898769628321,0.21716407,0.05543339,0.23544296549270696,
00723.png,RetinexNet,12.70579643532461,0.6652560730077623,0.21708123,0.05363155,0.23158486565404052,
00724.png,RetinexNet,12.73160436336068,0.5786436388360289,0.21003987,0.05331379,0.23089779124105972,
00725.png,RetinexNet,12.630954945761845,0.5917112729730696,0.21334243,0.054563787,0.23358892739168952,
00726.png,RetinexNet,12.529566206717684,0.6875538704068358,0.22347276,0.0558526,0.2363315467727489,
00727.png,RetinexNet,12.622186558203165,0.6796360196171952,0.21917826,0.054674063,0.2338248553939465,
00728.png,RetinexNet,12.585490870926732,0.6420105715089611,0.21903285,0.05513799,0.23481479936324284,
00729.png,RetinexNet,12.455094797019514,0.7225953794640597,0.22592042,0.0568186,0.23836652449536616,
00730.png,RetinexNet,12.297245374587131,0.7197740375889863,0.23075931,0.058921725,0.242737976015291,
00731.png,RetinexNet,15.332260689275987,0.7626973962395732,0.15524659,0.02929368,0.1711539657735105,
00732.png,RetinexNet,15.063577688882926,0.7547510838412116,0.16084427,0.031163214,0.17653105675772748,
00733.png,RetinexNet,15.908913387215248,0.7387317321294109,0.13480751,0.025651257,0.16016009802694303,
00734.png,RetinexNet,15.905860993802744,0.7407208648041332,0.13385476,0.025669293,0.16021639429221968,
00735.png,RetinexNet,15.03727880481269,0.6463563048472553,0.1515864,0.031352498,0.1770663660891023,
00736.png,RetinexNet,15.066112484654733,0.6544781555286027,0.151139,0.03114503,0.17647954555698517,
00737.png,RetinexNet,16.492587006665943,0.7556229401234914,0.1385969,0.022425456,0.14975131385066376,
00738.png,RetinexNet,16.135991111069906,0.750397261561898,0.14381067,0.024344502,0.15602724762040765,
00739.png,RetinexNet,17.479507044685775,0.6200425205685607,0.11031543,0.017866904,0.13366713881878373,
00740.png,RetinexNet,17.437985290860126,0.6171428879345117,0.11080124,0.018038543,0.1343076431183274,
00741.png,RetinexNet,16.940703171788954,0.7087847494873291,0.12708543,0.020226916,0.14222136267101368,
00742.png,RetinexNet,17.635967317722013,0.5318892451494457,0.10817545,0.017234681,0.13128092397602936,
00743.png,RetinexNet,14.693988223561592,0.725608438021153,0.1523199,0.033931352,0.18420464706407383,
00744.png,RetinexNet,17.913721835803976,0.7005408988381956,0.10521513,0.01616694,0.12714928234166326,
00745.png,RetinexNet,15.077177587991144,0.6590487408125818,0.14628021,0.031065779,0.1762548694362797,
00746.png,RetinexNet,15.041885273479636,0.646493792726373,0.1467851,0.031319257,0.17697247526098517,
00747.png,RetinexNet,16.945702144658483,0.6833079006399464,0.120438404,0.020203648,0.1421395370753683,
00748.png,RetinexNet,17.06841890192423,0.695803059300718,0.11890898,0.019640751,0.14014546371538394,
00749.png,RetinexNet,18.050915849629103,0.6505857999017955,0.099701114,0.015664207,0.12515672974315045,
00750.png,RetinexNet,18.65135015810313,0.6207202378412467,0.094820864,0.013641589,0.11679721315168441,
00751.png,RetinexNet,15.557966156276466,0.6222953803057328,0.13882719,0.027810153,0.166763764049628,
00752.png,RetinexNet,16.30142775516347,0.6142727572681764,0.12854296,0.023434583,0.15308358174539816,
00753.png,RetinexNet,13.078696852294772,0.5921998741656473,0.1879526,0.04921872,0.22185292425388492,
00754.png,RetinexNet,13.095634450139936,0.5930965495337596,0.18778168,0.04902714,0.22142073073675825,
00755.png,RetinexNet,14.197405841942494,0.563256413396984,0.17458375,0.038041655,0.19504270045300337,
00756.png,RetinexNet,14.195852757321925,0.5546278195592941,0.17476553,0.038055263,0.19507758200264838,
00757.png,RetinexNet,17.525435299265155,0.6065675561267722,0.10669857,0.01767895,0.1329622126771362,
00758.png,RetinexNet,20.04807968064594,0.6041517484217453,0.07952543,0.009889903,0.09944799143270819,
00759.png,RetinexNet,15.754714026522317,0.6342992761558429,0.1375202,0.026578385,0.16302878580177182,
00760.png,RetinexNet,15.331607527882598,0.6476955268404704,0.14748745,0.029298086,0.17116683674123326,
00761.png,RetinexNet,15.57959297363096,0.6062100271489311,0.13843113,0.02767201,0.16634906071270736,
00762.png,RetinexNet,15.587174165582791,0.6042166786001002,0.13894723,0.027623747,0.16620393196311573,
00763.png,RetinexNet,11.554571335915483,0.5808230601118846,0.2383049,0.06991057,0.26440607027827484,
00764.png,RetinexNet,11.916693569501223,0.60510244790955,0.21085343,0.06431772,0.25360938468440003,
00765.png,RetinexNet,15.584386851137497,0.669881728326283,0.14295389,0.02764148,0.166257270517713,
00766.png,RetinexNet,15.619376701672882,0.6810883835690538,0.14245845,0.027419677,0.1655888794575288,
00767.png,RetinexNet,15.110360850013327,0.5082499664425854,0.1474613,0.030829318,0.1755827952847317,
00768.png,RetinexNet,16.15587191061428,0.5187166405524657,0.1282048,0.024233313,0.15567052707561568,
00769.png,RetinexNet,13.651186926508892,0.5363516044628932,0.1829339,0.043140117,0.20770199084264937,
00770.png,RetinexNet,13.635738263191357,0.5343221293598678,0.1830834,0.043293845,0.2080717304200645,
00771.png,RetinexNet,15.045459594795329,0.5076139397164021,0.15078229,0.031293493,0.1768996693043828,
00772.png,RetinexNet,15.544222118718691,0.5871191124797401,0.14057495,0.027898302,0.1670278479775154,
00773.png,RetinexNet,17.48418633669494,0.6507677608883938,0.12002888,0.017847663,0.13359514586990054,
00774.png,RetinexNet,16.81844987115233,0.630740419784383,0.12636517,0.020804392,0.14423727673524622,
00775.png,RetinexNet,16.520831794013475,0.6827490201219327,0.122076295,0.022280084,0.149265146635107,
00776.png,RetinexNet,15.82492127353085,0.6662321915078314,0.1345816,0.026152179,0.16171635353296834,
00777.png,RetinexNet,16.328389827594837,0.6174187634972766,0.12715933,0.023289546,0.1526091281673544,
00778.png,RetinexNet,16.39804653101962,0.6244889838546867,0.12579629,0.022918982,0.15139016480604017,
00779.png,RetinexNet,14.975869463645433,0.6650693472193174,0.15233546,0.03179897,0.1783226570012908,
00780.png,RetinexNet,14.960865832811155,0.665942119143431,0.1527625,0.031909015,0.17863094636708388,
00781.png,RetinexNet,16.428110157557533,0.6922747671573867,0.118010186,0.022760877,0.15086708388512055,
00782.png,RetinexNet,16.500243722040928,0.7124782477065484,0.11698249,0.022385955,0.14961936706188808,
00783.png,RetinexNet,16.50087783825135,0.7115722107179568,0.11698662,0.022382686,0.1496084422751604,
00784.png,RetinexNet,16.930605833852344,0.6574961812343697,0.11447865,0.020273998,0.14238679011762292,
00785.png,RetinexNet,16.893298976310323,0.6495225045484069,0.11501451,0.020448906,0.1429996713282936,
00786.png,RetinexNet,16.93811701576497,0.6604885967257225,0.11442341,0.020238966,0.14226371990075334,
00787.png,RetinexNet,17.067904204675184,0.5794117140944335,0.120585375,0.01964308,0.14015377269271062,
00788.png,RetinexNet,16.877753692786627,0.5750756573548438,0.123172484,0.020522233,0.14325583059687308,
00789.png,RetinexNet,16.86401786316789,0.5749593126248239,0.12332508,0.020587245,0.1434825599158309,
00690.png,RetinexTapetum,9.674119872415606,0.3243187733737543,80.08304595947266,7009.19873046875,83.72095753435188,0.3542853891849518
00691.png,RetinexTapetum,9.665524083994482,0.3105472842412686,80.06440734863281,7023.08544921875,83.80385104050261,0.3543097674846649
00692.png,RetinexTapetum,8.937037527739758,0.2482017105131563,86.36731719970703,8305.70703125,91.13565181228475,0.3584844470024109
00693.png,RetinexTapetum,8.99271784101835,0.2585637006508006,85.73978424072266,8199.900390625,90.55330137893924,0.3583102524280548
00694.png,RetinexTapetum,8.485197634845594,0.26593819080951064,91.19964599609375,9216.384765625,96.00200396671416,0.3717835247516632
00695.png,RetinexTapetum,8.482495863057121,0.2654753627700283,91.22858428955078,9222.1201171875,96.03187032015725,0.370496928691864
00696.png,RetinexTapetum,8.874446114084417,0.1605089082771947,84.96143341064453,8426.27734375,91.79475662449353,0.5096532702445984
00697.png,RetinexTapetum,8.872094209423837,0.1583097930806996,84.96036529541016,8430.841796875,91.81961553434539,0.5090503096580505
00698.png,RetinexTapetum,8.9863338271602,0.1622163268906904,86.45372009277344,8211.962890625,90.61988132096069,0.6385698914527893
00699.png,RetinexTapetum,8.993522193467008,0.1606583853831558,86.35753631591797,8198.3818359375,90.54491612419496,0.6462015509605408
00700.png,RetinexTapetum,12.799452220400369,0.5184231856456868,55.990806579589844,3412.990966796875,58.42080936444543,0.23618680238723755
00701.png,RetinexTapetum,12.799818196575231,0.5234188315876783,56.042633056640625,3412.703369140625,58.41834788095796,0.23418274521827698
00702.png,RetinexTapetum,6.500289028594253,0.1963335453312923,115.72632598876953,14556.3154296875,120.64955627638048,0.5740423798561096
00703.png,RetinexTapetum,6.495185327007836,0.19558997417749077,115.7920913696289,14573.431640625,120.72046902089554,0.5712407827377319
00704.png,RetinexTapetum,6.475544645084793,0.19310266302879187,116.03567504882812,14639.48828125,120.99375306704889,0.5762234330177307
00705.png,RetinexTapetum,6.815056451481782,0.16078114421852566,112.36786651611328,13538.6298828125,116.35561818327682,0.6710839867591858
00706.png,RetinexTapetum,6.842543145924428,0.16833519021732946,111.88760375976562,13453.2138671875,115.98799018513728,0.6753783822059631
00707.png,RetinexTapetum,6.811367149720462,0.16072940132965027,112.39752960205078,13550.1357421875,116.40505032938863,0.6667395830154419
00708.png,RetinexTapetum,10.694931674761264,0.30635150672436473,69.24172973632812,5540.98779296875,74.43781158100197,0.49420416355133057
00709.png,RetinexTapetum,10.843975976213136,0.321938270589521,68.13590240478516,5354.05419921875,73.17140287857511,0.473499059677124
00710.png,RetinexTapetum,10.945251134632851,0.5347561950348485,70.38878631591797,5230.64501953125,72.3231983497083,0.32860249280929565
00711.png,RetinexTapetum,10.927832619164286,0.5338514447945942,70.52997589111328,5251.666015625,72.46837941906111,0.3280944526195526
00712.png,RetinexTapetum,9.670032937960876,0.6043177822071374,82.49242401123047,7015.7978515625,83.76035966710327,0.2741295099258423
00713.png,RetinexTapetum,9.728300174838456,0.6079204033948743,81.93555450439453,6922.298828125,83.20035353365392,0.27339377999305725
00714.png,RetinexTapetum,12.218018727671874,0.412126543189762,58.97622299194336,3901.921142578125,62.46535954093377,0.20238912105560303
00715.png,RetinexTapetum,12.219044649159922,0.41249171272215474,59.08768844604492,3900.99951171875,62.45798196963099,0.19657698273658752
00716.png,RetinexTapetum,12.261504377670885,0.6064399323787998,60.933311462402344,3863.04638671875,62.153410097264576,0.2207142561674118
00717.png,RetinexTapetum,8.322776787566749,0.21473840798965335,94.4563980102539,9567.5927734375,97.81407247138573,0.6159044504165649
00718.png,RetinexTapetum,15.912805463578493,0.7286475502777598,37.36235809326172,1666.4788818359375,40.82252909651652,0.12683767080307007
00719.png,RetinexTapetum,15.889858610344639,0.7303227091352816,37.49837875366211,1675.307373046875,40.93051884653889,0.12233845889568329
00720.png,RetinexTapetum,12.963826010310902,0.3919633223627961,54.91255569458008,3286.228515625,57.32563576293769,0.27779078483581543
00721.png,RetinexTapetum,12.883795085734926,0.3796354707298291,55.531944274902344,3347.347900390625,57.85626932658746,0.2719038724899292
00722.png,RetinexTapetum,16.65611842658648,0.7016321015267389,36.36946487426758,1404.327880859375,37.47436298136868,0.10719902068376541
00723.png,RetinexTapetum,16.78517026714807,0.7123611961699247,35.71448516845703,1363.2117919921875,36.92169811902193,0.11043375730514526
00724.png,RetinexTapetum,15.53521476436776,0.534320840898785,41.04948806762695,1817.853515625,42.636293408609056,0.23441612720489502
00725.png,RetinexTapetum,15.74256622367188,0.5652655471996145,40.16629409790039,1733.1004638671875,41.63052322355782,0.21885359287261963
00726.png,RetinexTapetum,16.5908937540965,0.7595120969500551,36.6641845703125,1425.5780029296875,37.7568272360071,0.10714087635278702
00727.png,RetinexTapetum,16.36218002215728,0.7476468557314436,37.82650375366211,1502.6656494140625,38.76423157259876,0.10716059803962708
00728.png,RetinexTapetum,16.215692743225862,0.6885326956138152,37.95403289794922,1554.2149658203125,39.42353314735137,0.12960480153560638
00729.png,RetinexTapetum,19.07888936546612,0.8303020075598323,27.6110782623291,803.88037109375,28.35278418592696,0.1407879889011383
00730.png,RetinexTapetum,18.927320044363594,0.828033714779879,28.254638671875,832.4312133789062,28.851884052500044,0.13573963940143585
00731.png,RetinexTapetum,14.786366727640644,0.7206720025445471,44.72527313232422,2159.949951171875,46.47526171170933,0.14328180253505707
00732.png,RetinexTapetum,14.665870879168196,0.7102862606201293,45.549922943115234,2220.71728515625,47.12448710762007,0.13709527254104614
00733.png,RetinexTapetum,14.649682945390143,0.7014063488020085,46.0139045715332,2229.01025390625,47.21239512994707,0.12812578678131104
00734.png,RetinexTapetum,14.736358588097925,0.705546293732708,45.55912399291992,2184.965087890625,46.743610128985814,0.13059484958648682
00735.png,RetinexTapetum,12.847360605562063,0.5294822437630123,54.99364471435547,3375.548095703125,58.09946725834175,0.17668399214744568
00736.png,RetinexTapetum,12.852245858902664,0.5353454945679329,55.0168342590332,3371.753173828125,58.06679923870546,0.17990297079086304
00737.png,RetinexTapetum,13.098090646706488,0.6034640428894477,54.962955474853516,3186.187255859375,56.44632189841403,0.21123039722442627
00738.png,RetinexTapetum,12.902523003718132,0.5893179857372717,56.44875717163086,3332.9443359375,57.73165800440431,0.20616388320922852
00739.png,RetinexTapetum,9.295700813508779,0.21007197807784664,82.26762390136719,7647.337890625,87.44905883212809,0.5629523992538452
00740.png,RetinexTapetum,9.281145270191862,0.20773772980917507,82.39356994628906,7673.01123046875,87.59572609704625,0.572910726070404
00741.png,RetinexTapetum,12.539897270907435,0.5224924399668956,59.336883544921875,3623.18603515625,60.192906850859515,0.23034073412418365
00742.png,RetinexTapetum,9.14170578245632,0.12624861841082782,87.10694122314453,7923.3671875,89.01329781274256,0.6806612014770508
00743.png,RetinexTapetum,13.360453869213188,0.5548465804969052,53.1754150390625,2999.404052734375,54.76681525097452,0.2751564383506775
00744.png,RetinexTapetum,11.557305757425008,0.3908738386644653,65.3614273071289,4543.07373046875,67.40232733718288,0.41492077708244324
00745.png,RetinexTapetum,12.611002441044878,0.49541029062184655,56.32874298095703,3564.34814453125,59.7021619753527,0.27061089873313904
00746.png,RetinexTapetum,12.53960727432213,0.48768376444466144,56.604095458984375,3623.427978515625,60.19491655044988,0.2748015522956848
00747.png,RetinexTapetum,11.858661220943137,0.40538922931377375,63.442955017089844,4238.52001953125,65.10391708285493,0.2951695919036865
00748.png,RetinexTapetum,11.911368844837412,0.4155120139723243,63.15338897705078,4187.390625,64.71005041722654,0.2888319790363312
00749.png,RetinexTapetum,10.860604674230089,0.35621436575911997,71.2069091796875,5333.59326171875,73.03145392034004,0.4508846402168274
00750.png,RetinexTapetum,10.536014916136121,0.31069602490174725,74.06510925292969,5747.49853515625,75.81225847550151,0.42748478055000305
00751.png,RetinexTapetum,11.606031318294047,0.2875661027765513,64.57894897460938,4492.3876953125,67.02527654036572,0.40893206000328064
00752.png,RetinexTapetum,11.832127891115505,0.3289060942119217,62.590293884277344,4264.49462890625,65.3030981570266,0.47654324769973755
00753.png,RetinexTapetum,13.894190922731495,0.4018337946565664,49.92924880981445,2652.535888671875,51.50277554338091,0.3694862425327301
00754.png,RetinexTapetum,13.86354870669278,0.3991649230662351,50.111534118652344,2671.3173828125,51.684788698537794,0.3727312386035919
00755.png,RetinexTapetum,12.186548159756786,0.19574965761245933,60.48597717285156,3930.298583984375,62.6920934726571,0.5826952457427979
00756.png,RetinexTapetum,12.164778698789704,0.1899653093224479,60.623565673828125,3950.049072265625,62.849415846653855,0.5900834202766418
00757.png,RetinexTapetum,9.645886329843973,0.23383563678095284,82.05924987792969,7054.9140625,83.99353583758693,0.5313664078712463
00758.png,RetinexTapetum,9.944634964590673,0.26546129012141867,79.44003295898438,6585.92626953125,81.1537199981076,0.5309717655181885
00759.png,RetinexTapetum,15.00971732318198,0.547610490403629,42.171844482421875,2051.67529296875,45.29542242841709,0.21628667414188385
00760.png,RetinexTapetum,14.951995563520201,0.5553997651473589,42.8515625,2079.1259765625,45.59743388133262,0.20765309035778046
00761.png,RetinexTapetum,12.964177386276381,0.38336491445914583,53.03138732910156,3285.962646484375,57.323316778466115,0.35879355669021606
00762.png,RetinexTapetum,12.859079781780478,0.37411707860812754,53.636966705322266,3366.45166015625,58.0211311519885,0.3627317547798157
00763.png,RetinexTapetum,16.131593777284362,0.5468917878846381,38.984519958496094,1584.6048583984375,39.807095578532696,0.27901002764701843
00764.png,RetinexTapetum,15.60509197651827,0.49731877483609965,41.581459045410156,1788.838623046875,42.29466423849319,0.2655307948589325
00765.png,RetinexTapetum,12.15025254175915,0.3430450088524329,57.142066955566406,3963.283203125,62.95461224664163,0.24761885404586792
00766.png,RetinexTapetum,12.153635412962775,0.348077799653909,57.199867248535156,3960.197265625,62.93009824896986,0.24393467605113983
00767.png,RetinexTapetum,10.47601972333285,0.1457126142324928,65.12482452392578,5827.44775390625,76.33772169711544,0.4262049198150635
00768.png,RetinexTapetum,10.8823786638178,0.17920277085815992,62.56296157836914,5306.91943359375,72.84860625704344,0.4259105622768402
00769.png,RetinexTapetum,15.778269364942954,0.3983148726128578,38.5040283203125,1718.9111328125,41.45975316873582,0.36741161346435547
00770.png,RetinexTapetum,15.79776379698265,0.39940535295342366,38.39045333862305,1711.212646484375,41.36680609479507,0.3712322413921356
00771.png,RetinexTapetum,14.693451477136792,0.4212866559724027,44.723140716552734,2206.658935546875,46.975088457041515,0.18047374486923218
00772.png,RetinexTapetum,14.88570329644963,0.5054092835687216,44.210750579833984,2111.10595703125,45.94677308616188,0.18181605637073517
00773.png,RetinexTapetum,9.676611114336353,0.20542415711968623,80.9848861694336,7005.17919921875,83.69694856575568,0.5590991377830505
00774.png,RetinexTapetum,9.598218719204192,0.19421768338494225,81.69790649414062,7132.7744140625,84.45575417970348,0.5590516924858093
00775.png,RetinexTapetum,12.077369302684389,0.3969465452656326,58.64152908325195,4030.356201171875,63.485086446911886,0.2432611882686615
00776.png,RetinexTapetum,11.97463516734695,0.3820685875458891,59.45375061035156,4126.83251953125,64.2404274544562,0.23993372917175293
00777.png,RetinexTapetum,10.26591422295165,0.195757243788541,71.17414855957031,6116.30224609375,78.20679155990067,0.4138692617416382
00778.png,RetinexTapetum,10.189603206786416,0.189995087217763,71.77069091796875,6224.72314453125,78.89691467054494,0.4251900613307953
00779.png,RetinexTapetum,14.902215768773921,0.426628193715704,42.33514404296875,2103.094482421875,45.85950809180006,0.2695825397968292
00780.png,RetinexTapetum,14.842523323441805,0.42124722386930175,42.614646911621094,2132.200439453125,46.17575597056452,0.275591641664505
00781.png,RetinexTapetum,10.598181626500885,0.38228273162623694,71.667236328125,5665.8125,75.27159158673344,0.2695271074771881
00782.png,RetinexTapetum,10.59424752085624,0.3911470767921428,71.81748962402344,5670.947265625,75.30569211968641,0.26284822821617126
00783.png,RetinexTapetum,10.596398566696827,0.3912248577275999,71.79315948486328,5668.13916015625,75.287045101772,0.2646012604236603
00784.png,RetinexTapetum,8.624661961284326,0.14083494820335107,88.47713470458984,8925.1220703125,94.47286420085135,0.5023345947265625
00785.png,RetinexTapetum,8.620476576488201,0.1390752943626244,88.498046875,8933.7275390625,94.51839788666807,0.5045267939567566
00786.png,RetinexTapetum,8.622214455858504,0.1411325421127999,88.5141830444336,8930.1533203125,94.49948846587742,0.5036126375198364
00787.png,RetinexTapetum,10.600794111128042,0.1066055243046818,71.47865295410156,5662.4052734375,75.24895529798071,0.6271073818206787
00788.png,RetinexTapetum,10.564028457509483,0.10278262494015315,71.74624633789062,5710.54443359375,75.56814430428837,0.6339236497879028
00789.png,RetinexTapetum,10.57022429972398,0.10370887048746928,71.6989974975586,5702.4033203125,75.51425905292655,0.6315134763717651
00690.png,RetinexTapetumRGB,10.004261836180095,0.3480803774823344,77.33716583251953,6496.1220703125,80.59852399586794,0.3401789367198944
00691.png,RetinexTapetumRGB,9.99418791277089,0.3322288526246097,77.31639099121094,6511.2080078125,80.69205665871021,0.3401726186275482
00692.png,RetinexTapetumRGB,9.175016593295155,0.2736911973593617,84.20213317871094,7862.82666015625,88.67258121965465,0.3401526212692261
00693.png,RetinexTapetumRGB,9.238075812795248,0.2853454856177555,83.51273345947266,7749.48388671875,88.03115293303132,0.3390340805053711
00694.png,RetinexTapetumRGB,8.742715709979375,0.29164580969372544,88.73029327392578,8685.779296875,93.19752838393838,0.35380256175994873
00695.png,RetinexTapetumRGB,8.739664497203764,0.2911244476743074,88.76205444335938,8691.8837890625,93.230272921742,0.35297825932502747
00696.png,RetinexTapetumRGB,9.042661487933199,0.1755918597142053,83.58182525634766,8106.14208984375,90.03411625513826,0.49289703369140625
00697.png,RetinexTapetumRGB,9.040094105516745,0.17310271321035356,83.58039093017578,8110.935546875,90.06073254684863,0.49226534366607666
00698.png,RetinexTapetumRGB,9.127220613765555,0.1749480567836005,85.17359924316406,7949.83837890625,89.16186616993977,0.6270825266838074
00699.png,RetinexTapetumRGB,9.13513734365136,0.1729324743597079,85.06812286376953,7935.35986328125,89.08063685942781,0.6347628831863403
00700.png,RetinexTapetumRGB,13.481633786935843,0.53961695448009,51.822689056396484,2916.869384765625,54.008049259028276,0.2321000099182129
00701.png,RetinexTapetumRGB,13.483308765832525,0.5452706969381699,51.87389373779297,2915.74462890625,53.997635401064095,0.22997070848941803
00702.png,RetinexTapetumRGB,6.676370542080927,0.21302022725032108,113.60369873046875,13977.9443359375,118.2283567336428,0.5638430118560791
00703.png,RetinexTapetumRGB,6.670722150109485,0.21224052114144684,113.67546844482422,13996.1357421875,118.3052650653702,0.5603275895118713
00704.png,RetinexTapetumRGB,6.648805014957707,0.2095422881000563,113.94319152832031,14066.947265625,118.60416209233553,0.5651607513427734
00705.png,RetinexTapetumRGB,6.9542445578397665,0.17465805630771855,110.73075866699219,13111.6064453125,114.50592318877003,0.6629842519760132
00706.png,RetinexTapetumRGB,6.98509998526569,0.18296859239015273,110.20092010498047,13018.7822265625,114.09987829337287,0.6679757237434387
00707.png,RetinexTapetumRGB,6.9501678907723985,0.17460127531037842,110.76275634765625,13123.919921875,114.55967842951986,0.6595010161399841
00708.png,RetinexTapetumRGB,11.013975843810561,0.3243678696664433,66.92440795898438,5148.5244140625,71.75321884112587,0.48512136936187744
00709.png,RetinexTapetumRGB,11.182918455563925,0.34071205077489575,65.71022033691406,4952.08984375,70.37108670292082,0.46564170718193054
00710.png,RetinexTapetumRGB,11.625778547048427,0.5597581517101696,65.13854217529297,4472.00732421875,66.87306875131983,0.3192339241504669
00711.png,RetinexTapetumRGB,11.605910478200375,0.5589585448177017,65.29154205322266,4492.5126953125,67.02620901790955,0.3185785412788391
00712.png,RetinexTapetumRGB,10.339923662916409,0.6319669135650332,76.41482543945312,6012.95556640625,77.54324965079971,0.280202716588974
00713.png,RetinexTapetumRGB,10.408759107415978,0.6355645107059885,75.8044662475586,5918.40185546875,76.9311500984403,0.27952057123184204
00714.png,RetinexTapetumRGB,12.691677221369957,0.4550288814880939,56.10951232910156,3498.747802734375,59.15021388578722,0.1826973855495453
00715.png,RetinexTapetumRGB,12.69153509408464,0.45511854404004665,56.23623275756836,3498.8623046875,59.15118176915403,0.17765438556671143
00716.png,RetinexTapetumRGB,13.053674212426852,0.6345822661673607,55.78150939941406,3218.9404296875,56.735706831654966,0.21245354413986206
00717.png,RetinexTapetumRGB,8.54251591106191,0.23195717348057623,92.39342498779297,9095.5458984375,95.37057144862612,0.6048045754432678
00718.png,RetinexTapetumRGB,17.407747141119838,0.7530489869293183,31.647174835205078,1181.151611328125,34.367886337802695,0.11688144505023956
00719.png,RetinexTapetumRGB,17.37948357865347,0.7550443856816217,31.793254852294922,1188.863525390625,34.47990031004476,0.11251859366893768
00720.png,RetinexTapetumRGB,13.363709056130492,0.42879266736791816,52.6204719543457,2997.15673828125,54.74629428811826,0.2606266438961029
00721.png,RetinexTapetumRGB,13.270619470618335,0.4153157808302809,53.307411193847656,3062.09326171875,55.33618401840472,0.2553757429122925
00722.png,RetinexTapetumRGB,17.618073591491967,0.747528191465329,32.69247055053711,1125.3121337890625,33.54567235559696,0.09573051333427429
00723.png,RetinexTapetumRGB,17.780093635684334,0.758414640268259,31.96979522705078,1084.1041259765625,32.92573652899146,0.09740385413169861
00724.png,RetinexTapetumRGB,16.18302754108065,0.5775769839628841,38.19578552246094,1565.948974609375,39.57207316542027,0.21251700818538666
00725.png,RetinexTapetumRGB,16.428658953924128,0.6100098818813886,37.224552154541016,1479.8389892578125,38.46867542894884,0.19672000408172607
00726.png,RetinexTapetumRGB,17.67194122563446,0.8124124987674596,32.3787956237793,1111.4405517578125,33.33827457679555,0.08835413306951523
00727.png,RetinexTapetumRGB,17.383768360718964,0.7998525645677296,33.65302276611328,1187.691162109375,34.46289544001454,0.09043966978788376
00728.png,RetinexTapetumRGB,17.185738764732342,0.7359573311553369,33.80645751953125,1243.1011962890625,35.257640254121696,0.11465731263160706
00729.png,RetinexTapetumRGB,21.32642842562117,0.8411191875978622,21.17862319946289,479.1125183105469,21.88863902371609,0.1366850584745407
00730.png,RetinexTapetumRGB,21.101035353883084,0.8394708664460001,21.88039779663086,504.6343688964844,22.464068395918055,0.13147218525409698
00731.png,RetinexTapetumRGB,15.877556484206657,0.7560718027011194,39.580501556396484,1680.0596923828125,40.98853122987957,0.13153646886348724
00732.png,RetinexTapetumRGB,15.72511582983701,0.7453587948854814,40.481441497802734,1740.0782470703125,41.714245133650834,0.12568490207195282
00733.png,RetinexTapetumRGB,15.707342019190328,0.7319916020361781,40.88823699951172,1747.2142333984375,41.799691785926335,0.1197618842124939
00734.png,RetinexTapetumRGB,15.812033040683238,0.7358668904323299,40.39517593383789,1705.5994873046875,41.298904190119714,0.12332115322351456
00735.png,RetinexTapetumRGB,13.581457761741182,0.5665221491158632,50.845821380615234,2850.5888671875,53.390906221823016,0.16219009459018707
00736.png,RetinexTapetumRGB,13.58804523342598,0.5731093039210046,50.867156982421875,2846.268310546875,53.35042933798073,0.16598667204380035
00737.png,RetinexTapetumRGB,13.839020804537476,0.6389020242261065,50.543487548828125,2686.447021484375,51.83094656172483,0.19492760300636292
00738.png,RetinexTapetumRGB,13.603008250564265,0.6248013060776111,52.174964904785156,2836.478759765625,53.25860268318748,0.19034266471862793
00739.png,RetinexTapetumRGB,9.485635438563055,0.22623165545484522,80.62433624267578,7320.0966796875,85.55756354459552,0.5537844896316528
00740.png,RetinexTapetumRGB,9.469198710988472,0.22362850349148478,80.76355743408203,7347.853515625,85.71962153220814,0.5632651448249817
00741.png,RetinexTapetumRGB,13.102437555579126,0.5501466369764153,55.669044494628906,3182.999755859375,56.41808004407253,0.2159704566001892
00742.png,RetinexTapetumRGB,9.238752306672191,0.13698532533263558,86.18213653564453,7748.27685546875,88.02429696094568,0.670363187789917
00743.png,RetinexTapetumRGB,14.008713204153045,0.5835474112924656,49.309349060058594,2583.50341796875,50.828175434189546,0.26708629727363586
00744.png,RetinexTapetumRGB,11.939776508605139,0.41812014989419355,62.653438568115234,4160.08984375,64.49875846673329,0.40207618474960327
00745.png,RetinexTapetumRGB,13.27928676343256,0.5269238074410639,52.508155822753906,3055.98828125,55.28099385186558,0.25834134221076965
00746.png,RetinexTapetumRGB,13.195950801835163,0.5183065002505455,52.81600570678711,3115.1953125,55.813934751995404,0.26224249601364136
00747.png,RetinexTapetumRGB,12.236007027731224,0.438879533737282,60.850337982177734,3885.79296875,62.33612892015352,0.27935901284217834
00748.png,RetinexTapetumRGB,12.295903126788302,0.4498482203890178,60.5328483581543,3832.569580078125,61.90775056548352,0.2729007601737976
00749.png,RetinexTapetumRGB,11.186910862123371,0.3829240792466198,68.64746856689453,4947.53955078125,70.33874857275505,0.44180694222450256
00750.png,RetinexTapetumRGB,10.819256852780821,0.3347257614613119,71.7872085571289,5384.615234375,73.37993754681861,0.41259586811065674
00751.png,RetinexTapetumRGB,11.87009636301732,0.3107776437488167,62.793087005615234,4227.37451171875,65.01826290911463,0.39144110679626465
00752.png,RetinexTapetumRGB,12.12712304190253,0.3541423554622353,60.5975341796875,3984.447021484375,63.12247635735131,0.46800410747528076
00753.png,RetinexTapetumRGB,14.270229351634535,0.42906778296002174,47.83829879760742,2432.525634765625,49.320641061989704,0.3535943627357483
00754.png,RetinexTapetumRGB,14.235019548568253,0.4264065919818442,48.04075622558594,2452.3271484375,49.52097685261772,0.35547539591789246
00755.png,RetinexTapetumRGB,12.343233320971063,0.21266129189422642,59.467079162597656,3791.0283203125,61.57132709559296,0.5630857944488525
00756.png,RetinexTapetumRGB,12.318623043851186,0.2061494679237829,59.62031555175781,3812.572021484375,61.74602838632113,0.572234570980072
00757.png,RetinexTapetumRGB,9.839942610584156,0.25501408353352945,80.3497314453125,6746.61767578125,82.13779687684136,0.514680802822113
00758.png,RetinexTapetumRGB,10.176162778140647,0.2880267714199662,77.46412658691406,6244.01708984375,79.01909319806036,0.5164971947669983
00759.png,RetinexTapetumRGB,15.779729973884704,0.5788896259292282,38.83501434326172,1718.3331298828125,41.452781931769216,0.2071802169084549
00760.png,RetinexTapetumRGB,15.711437730248509,0.5885504583949385,39.57694625854492,1745.5672607421875,41.77998636598853,0.19838818907737732
00761.png,RetinexTapetumRGB,13.431185529758572,0.40916558615043847,50.605255126953125,2950.94970703125,54.322644514339046,0.3538740277290344
00762.png,RetinexTapetumRGB,13.310572010038443,0.39979038952672435,51.26813888549805,3034.052978515625,55.08223832158262,0.3579860329627991
00763.png,RetinexTapetumRGB,16.69178417856809,0.575084682291826,36.45806884765625,1392.84228515625,37.320802311261346,0.2651791274547577
00764.png,RetinexTapetumRGB,16.070194554855497,0.5246016608603833,39.32025909423828,1607.1666259765625,40.08948273520828,0.2546818256378174
00765.png,RetinexTapetumRGB,12.585877405196147,0.3821954774968612,54.767311096191406,3585.028564453125,59.87510805379081,0.22788965702056885
00766.png,RetinexTapetumRGB,12.590610580879822,0.38797380730019637,54.82902145385742,3581.12353515625,59.842489379672784,0.22406116127967834
00767.png,RetinexTapetumRGB,10.645451900386771,0.15704150991585145,64.16392517089844,5604.47802734375,74.8630618352185,0.41476595401763916
00768.png,RetinexTapetumRGB,11.099528650998602,0.19307453849961395,61.34105682373047,5048.0947265625,71.04994529598527,0.4154120981693268
00769.png,RetinexTapetumRGB,16.335214170165997,0.4241811984405344,36.45327377319336,1512.02490234375,38.884764398717266,0.36087295413017273
00770.png,RetinexTapetumRGB,16.35665511822313,0.4251661573284526,36.33277130126953,1504.5784912109375,38.78889649385424,0.3653757870197296
00771.png,RetinexTapetumRGB,15.33059528008402,0.44788556067945545,41.44652557373047,1905.5521240234375,43.65263020739343,0.1720043569803238
00772.png,RetinexTapetumRGB,15.564397950722388,0.5386262667333434,40.86487579345703,1805.6790771484375,42.49328272972609,0.17340438067913055
00773.png,RetinexTapetumRGB,9.857387950661316,0.22451811714157552,79.47359466552734,6719.5712890625,81.97299121700085,0.5475274920463562
00774.png,RetinexTapetumRGB,9.769134931938577,0.21218421560219788,80.26072692871094,6857.5166015625,82.81012378666331,0.547370195388794
00775.png,RetinexTapetumRGB,12.551467854691953,0.4335278382844557,55.84436798095703,3613.5458984375,60.11277649915615,0.22515711188316345
00776.png,RetinexTapetumRGB,12.43221218545427,0.41745354892833014,56.73674392700195,3714.1474609375,60.943805763485926,0.22235997021198273
00777.png,RetinexTapetumRGB,10.493976070017325,0.21683326109662301,69.59300994873047,5803.4033203125,76.1800716743723,0.3943915367126465
00778.png,RetinexTapetumRGB,10.408925004668937,0.2111028271676513,70.25247955322266,5918.17578125,76.92968075619449,0.4045509099960327
00779.png,RetinexTapetumRGB,15.412717549622306,0.45567308816691526,40.139122009277344,1869.85791015625,43.24185368547757,0.2554844319820404
00780.png,RetinexTapetumRGB,15.344328017864184,0.45028041991247036,40.44359588623047,1899.5361328125,43.583668189041866,0.2612116038799286
00781.png,RetinexTapetumRGB,11.022787906882261,0.42150351613344167,68.58018493652344,5138.08837890625,71.68046023084848,0.2498600333929062
00782.png,RetinexTapetumRGB,11.019632590642178,0.4318299738251173,68.7420425415039,5141.82275390625,71.70650426499851,0.24314522743225098
00783.png,RetinexTapetumRGB,11.021778104787934,0.4318223337601786,68.717529296875,5139.283203125,71.68879412519784,0.24520502984523773
00784.png,RetinexTapetumRGB,8.799786061006824,0.15802043738158952,87.03370666503906,8572.38671875,92.5871844196053,0.47987282276153564
00785.png,RetinexTapetumRGB,8.795055400096196,0.15599256575287584,87.056396484375,8581.7294921875,92.63762460354594,0.4821777045726776
00786.png,RetinexTapetumRGB,8.797074708051138,0.15839245824638853,87.07450103759766,8577.740234375,92.616090580282,0.48140156269073486
00787.png,RetinexTapetumRGB,10.70706743589726,0.11798009874394196,70.72924041748047,5525.52587890625,74.33388109675325,0.6095510125160217
00788.png,RetinexTapetumRGB,10.66602763342649,0.11376028551587092,71.0248031616211,5577.98828125,74.68593094586156,0.6163283586502075
00789.png,RetinexTapetumRGB,10.672795731723003,0.11478409815152417,70.97333526611328,5569.30224609375,74.6277578793156,0.6140164136886597
00690.png,DecomNetRetinexTapetum,21.529197192423467,0.824503545039459,15.449108123779297,457.2572937011719,21.383575325496246,0.2721959352493286
00691.png,DecomNetRetinexTapetum,21.19441152231026,0.7998897687646167,15.934910774230957,493.90020751953125,22.223865719526188,0.26932114362716675
00692.png,DecomNetRetinexTapetum,19.746011458479003,0.8039437420483985,21.351289749145508,689.41259765625,26.256667679967503,0.3094450831413269
00693.png,DecomNetRetinexTapetum,19.381969090379425,0.8011167160536914,22.432512283325195,749.6929931640625,27.380522149222475,0.3093287944793701
00694.png,DecomNetRetinexTapetum,17.53441610725574,0.8027297357147204,29.65084457397461,1147.198974609375,33.87032587102426,0.30276215076446533
00695.png,DecomNetRetinexTapetum,17.535937213513183,0.802877095272776,29.674699783325195,1146.7972412109375,33.86439488918911,0.30398476123809814
00696.png,DecomNetRetinexTapetum,17.212282569990972,0.7806763796684942,30.055261611938477,1235.526611328125,35.15005848257048,0.35598650574684143
00697.png,DecomNetRetinexTapetum,17.200154299664113,0.7776710264843211,30.06230926513672,1238.9818115234375,35.19917344943539,0.3560341000556946
00698.png,DecomNetRetinexTapetum,19.575946270402518,0.8378928175399015,23.076772689819336,716.94482421875,26.775825369514756,0.34482306241989136
00699.png,DecomNetRetinexTapetum,19.553040583326723,0.8280451133089519,23.060117721557617,720.7361450195312,26.84652947811935,0.34979790449142456
00700.png,DecomNetRetinexTapetum,20.73976563501787,0.7712978153939306,19.438081741333008,548.4080200195312,23.418113075556093,0.23491612076759338
00701.png,DecomNetRetinexTapetum,20.835166623472876,0.779774893332922,19.2515811920166,536.4925537109375,23.162308902847695,0.2327699065208435
00702.png,DecomNetRetinexTapetum,13.076508874784945,0.7521243150731394,50.73540496826172,3202.06005859375,56.586748082866094,0.3924992084503174
00703.png,DecomNetRetinexTapetum,13.057047825093601,0.7514303292076661,50.89317321777344,3216.44091796875,56.71367487624788,0.391294002532959
00704.png,DecomNetRetinexTapetum,13.01282451297569,0.7488125154600871,51.217918395996094,3249.360595703125,57.00316303244168,0.39471080899238586
00705.png,DecomNetRetinexTapetum,14.336397049331728,0.7570144489807666,45.18680953979492,2395.745361328125,48.946351869451156,0.4149903357028961
00706.png,DecomNetRetinexTapetum,13.887447575793573,0.7479046395017391,47.468929290771484,2656.65771484375,51.54277558342925,0.4278276562690735
00707.png,DecomNetRetinexTapetum,14.293059187234558,0.7567885470489791,45.335601806640625,2419.77197265625,49.1911777929361,0.4139614999294281
00708.png,DecomNetRetinexTapetum,21.186678774521596,0.8158415135140945,16.455114364624023,494.7803955078125,22.243659669843282,0.327628493309021
00709.png,DecomNetRetinexTapetum,21.39775930184523,0.8177302979250914,16.021543502807617,471.3075866699219,21.709619680453223,0.32307007908821106
00710.png,DecomNetRetinexTapetum,16.551144801908144,0.8482302307903894,26.397953033447266,1438.685546875,37.93000852722024,0.2614612281322479
00711.png,DecomNetRetinexTapetum,16.53163721197348,0.8476317376761432,26.42133903503418,1445.162353515625,38.01529104867704,0.2643945515155792
00712.png,DecomNetRetinexTapetum,16.96436586372996,0.8614284397201097,29.991294860839844,1308.1085205078125,36.1677829083815,0.2565639913082123
00713.png,DecomNetRetinexTapetum,16.900189153773756,0.8599404622155845,30.195175170898438,1327.582275390625,36.43600246172218,0.25890713930130005
00714.png,DecomNetRetinexTapetum,20.40685317693177,0.756951060184862,16.72174072265625,592.0999755859375,24.333104520096434,0.42506861686706543
00715.png,DecomNetRetinexTapetum,20.55233989052686,0.7659345275378509,16.58497428894043,572.5934448242188,23.928924857256305,0.42137619853019714
00716.png,DecomNetRetinexTapetum,17.96327273020635,0.8630896717115202,23.290321350097656,1039.3291015625,32.238627476406315,0.21591536700725555
00717.png,DecomNetRetinexTapetum,14.757277265790187,0.810202908943443,36.549461364746094,2174.466064453125,46.63117052415825,0.3122464418411255
00718.png,DecomNetRetinexTapetum,15.26677429708569,0.7295800564161574,39.52442169189453,1933.7615966796875,43.97455624198711,0.39699500799179077
00719.png,DecomNetRetinexTapetum,15.275543672315937,0.7315557473498897,39.43939971923828,1929.86083984375,43.930181422841294,0.3967673182487488
00720.png,DecomNetRetinexTapetum,25.94562300452499,0.8656193319360151,9.680405616760254,165.3933563232422,12.860534838148924,0.27611613273620605
00721.png,DecomNetRetinexTapetum,25.0761080755864,0.863683346107904,11.424654006958008,202.0549774169922,14.21460437075166,0.2709691524505615
00722.png,DecomNetRetinexTapetum,17.14372346572041,0.7418021328666713,32.15966033935547,1255.185791015625,35.42860131328395,0.4768263101577759
00723.png,DecomNetRetinexTapetum,17.201061943550428,0.7431219787340151,31.75844383239746,1238.722900390625,35.19549545596176,0.48488742113113403
00724.png,DecomNetRetinexTapetum,17.982109076990813,0.6679502265387813,29.302339553833008,1034.8310546875,32.16879007186158,0.6289209127426147
00725.png,DecomNetRetinexTapetum,17.726345333561802,0.6755446380988963,30.266393661499023,1097.6043701171875,33.13011273927675,0.6324917078018188
00726.png,DecomNetRetinexTapetum,16.967440968553223,0.6829259085766638,32.56266784667969,1307.1826171875,36.15498053086877,0.6563826203346252
00727.png,DecomNetRetinexTapetum,17.23478097752459,0.6879186553679443,31.583911895751953,1229.142578125,35.05912973998356,0.6664314270019531
00728.png,DecomNetRetinexTapetum,17.19989843057254,0.668182379243234,31.60224151611328,1239.0548095703125,35.200210362586084,0.6659234166145325
00729.png,DecomNetRetinexTapetum,15.795814622775342,0.7765629697997084,38.86170959472656,1711.9808349609375,41.37609013622406,0.3134140372276306
00730.png,DecomNetRetinexTapetum,15.56220884507669,0.7756952626760795,40.014896392822266,1806.5894775390625,42.503993665761136,0.31043460965156555
00731.png,DecomNetRetinexTapetum,20.07127663018565,0.8035518943590944,22.196786880493164,639.6651611328125,25.29160258134728,0.31608444452285767
00732.png,DecomNetRetinexTapetum,19.747172004637697,0.803138759546,22.980558395385742,689.2283935546875,26.253159687067907,0.3169356882572174
00733.png,DecomNetRetinexTapetum,20.239471026005273,0.8046899076399375,20.514162063598633,615.3656616210938,24.806564889583033,0.28563451766967773
00734.png,DecomNetRetinexTapetum,20.23053687032149,0.8030579121447259,20.388235092163086,616.6328735351562,24.832093619651893,0.2901337146759033
00735.png,DecomNetRetinexTapetum,16.944772089625218,0.7353927697480939,29.597686767578125,1314.0235595703125,36.249462886645816,0.4160102605819702
00736.png,DecomNetRetinexTapetum,16.98869979336936,0.7461365612173028,29.403865814208984,1300.799560546875,36.06659896007489,0.4187809228897095
00737.png,DecomNetRetinexTapetum,21.621649313256604,0.797054605568614,17.609601974487305,447.6261291503906,21.15717677646029,0.36559829115867615
00738.png,DecomNetRetinexTapetum,21.692567716972935,0.8076126971923762,17.91448211669922,440.3759460449219,20.98513631227879,0.3595941662788391
00739.png,DecomNetRetinexTapetum,21.19660580531076,0.8216743539921113,19.02701187133789,493.6507263183594,22.21825209863187,0.3642715811729431
00740.png,DecomNetRetinexTapetum,21.1460937668009,0.8204370169366343,19.15643882751465,499.4258117675781,22.34783684761409,0.3724706172943115
00741.png,DecomNetRetinexTapetum,23.342829350926202,0.8339830318912763,15.470542907714844,301.16009521484375,17.35396482694499,0.259795218706131
00742.png,DecomNetRetinexTapetum,19.149768370294613,0.7839437118309798,25.45861053466797,790.8671264648438,28.12235990212848,0.3902844190597534
00743.png,DecomNetRetinexTapetum,20.349318937524995,0.8205384955559402,19.701669692993164,599.9961547851562,24.494818937586704,0.3427509367465973
00744.png,DecomNetRetinexTapetum,26.513090875775656,0.8422113007572299,8.910042762756348,145.13470458984375,12.047186584005567,0.3105100691318512
00745.png,DecomNetRetinexTapetum,16.328277457071515,0.6856261088211593,33.645938873291016,1514.44189453125,38.91583089863622,0.4102161228656769
00746.png,DecomNetRetinexTapetum,16.35265069706978,0.6794809867886821,33.52676773071289,1505.9664306640625,38.80678330735572,0.4152718484401703
00747.png,DecomNetRetinexTapetum,24.108594497554105,0.8450441130534778,12.955276489257812,252.47647094726562,15.889508203442473,0.26626959443092346
00748.png,DecomNetRetinexTapetum,24.322296889805774,0.8514766718628642,12.544551849365234,240.35362243652344,15.503342298889082,0.26128676533699036
00749.png,DecomNetRetinexTapetum,22.81412114319723,0.8197757440703244,13.196956634521484,340.14825439453125,18.443108588156477,0.34975773096084595
00750.png,DecomNetRetinexTapetum,24.396258321708665,0.8225753086389261,10.052730560302734,236.2949981689453,15.371889869789769,0.3069852292537689
00751.png,DecomNetRetinexTapetum,26.215586662039975,0.8447392191457256,9.865541458129883,155.42529296875,12.466968074425715,0.3185628056526184
00752.png,DecomNetRetinexTapetum,24.285750681465125,0.8366148886340126,11.922532081604004,242.38475036621094,15.568710619900767,0.35874974727630615
00753.png,DecomNetRetinexTapetum,19.629618990240218,0.8123818036422543,25.18270492553711,708.138916015625,26.610879655051335,0.35885053873062134
00754.png,DecomNetRetinexTapetum,19.732665955106764,0.8141055203281263,24.845291137695312,691.5343627929688,26.297040951273754,0.3585238754749298
00755.png,DecomNetRetinexTapetum,30.068560723672142,0.8562122651990882,6.546319484710693,64.00653076171875,8.000408162195148,0.3805885314941406
00756.png,DecomNetRetinexTapetum,30.045383592492595,0.8527447747135021,6.547626495361328,64.34902954101562,8.021784685530747,0.38140594959259033
00757.png,DecomNetRetinexTapetum,23.055339190138923,0.8287761031946183,13.510841369628906,321.7706604003906,17.937967008565675,0.3650987446308136
00758.png,DecomNetRetinexTapetum,21.33389218554384,0.8116265255505262,16.281930923461914,478.2898254394531,21.86983825819142,0.3542376160621643
00759.png,DecomNetRetinexTapetum,20.026236971443364,0.7344967447559125,21.170032501220703,646.33349609375,25.42308982192664,0.3090639114379883
00760.png,DecomNetRetinexTapetum,20.135632586538264,0.7593800630760136,21.30144500732422,630.2561645507812,25.104903197399135,0.3025204837322235
00761.png,DecomNetRetinexTapetum,22.014800145649403,0.8558463947965299,15.896977424621582,408.88421630859375,20.220885645999626,0.2503480613231659
00762.png,DecomNetRetinexTapetum,21.963223339779407,0.8565002163830417,15.926458358764648,413.7690734863281,20.34131444834203,0.2512121796607971
00763.png,DecomNetRetinexTapetum,15.642000573533545,0.759108791789937,41.436546325683594,1773.7005615234375,42.115324544914024,0.3154670000076294
00764.png,DecomNetRetinexTapetum,16.7804901194223,0.7795046732656669,36.03971481323242,1364.681640625,36.94159769995066,0.30014708638191223
00765.png,DecomNetRetinexTapetum,18.18844026517761,0.7225117538742295,20.90601348876953,986.8163452148438,31.413633110718724,0.40443629026412964
00766.png,DecomNetRetinexTapetum,18.20846935341247,0.7296312899886731,20.914287567138672,982.2757568359375,31.341278800264956,0.4021572470664978
00767.png,DecomNetRetinexTapetum,16.637942145295877,0.7302238125082448,28.40917205810547,1410.2176513671875,37.552864755797096,0.28757479786872864
00768.png,DecomNetRetinexTapetum,15.338771231827959,0.6740999491136591,34.26521301269531,1901.9681396484375,43.61155970208401,0.3044864237308502
00769.png,DecomNetRetinexTapetum,19.217328508376053,0.7902671276165738,23.895427703857422,778.6593627929688,27.904468509415633,0.40640366077423096
00770.png,DecomNetRetinexTapetum,19.170091084529403,0.7889769753161523,24.096044540405273,787.1749267578125,28.056637837734808,0.4074278175830841
00771.png,DecomNetRetinexTapetum,20.363114513079168,0.6176216997993168,21.78003692626953,598.09326171875,24.45594532457803,0.38362738490104675
00772.png,DecomNetRetinexTapetum,20.800173185472772,0.6550635274466327,20.38239860534668,540.8328247070312,23.255812707945324,0.38419491052627563
00773.png,DecomNetRetinexTapetum,21.67343926565241,0.8643087717187713,17.495418548583984,442.3198547363281,21.031401635086713,0.2981422245502472
00774.png,DecomNetRetinexTapetum,21.633060670479942,0.8629860798720679,17.54922866821289,446.4515075683594,21.129399129373258,0.30055785179138184
00775.png,DecomNetRetinexTapetum,20.904310764602275,0.7337312639440033,16.963972091674805,528.0186767578125,22.978656983335917,0.34712907671928406
00776.png,DecomNetRetinexTapetum,20.981930280293216,0.7376624855729855,17.06060028076172,518.6654663085938,22.77422811663644,0.3447481393814087
00777.png,DecomNetRetinexTapetum,19.360200062248822,0.7024574058429236,20.596153259277344,753.4602661132812,27.44923070166596,0.3864673376083374
00778.png,DecomNetRetinexTapetum,19.281114731581123,0.7025553149542648,21.178722381591797,767.3065185546875,27.700298167252416,0.3890697658061981
00779.png,DecomNetRetinexTapetum,19.25571540846923,0.7749059688491616,24.456722259521484,771.8071899414062,27.7814180693032,0.32789579033851624
00780.png,DecomNetRetinexTapetum,19.266364217579003,0.7757282961689168,24.369510650634766,769.9170532226562,27.747379213588015,0.3299480676651001
00781.png,DecomNetRetinexTapetum,16.929225515139063,0.707008113349564,22.397926330566406,1318.73583984375,36.31440265023989,0.4803008735179901
00782.png,DecomNetRetinexTapetum,16.95796560453926,0.7173642877144166,22.27786636352539,1310.0377197265625,36.19444321614248,0.48002034425735474
00783.png,DecomNetRetinexTapetum,16.95029400671796,0.7174844547113383,22.298879623413086,1312.3538818359375,36.2264251870915,0.4778018593788147
00784.png,DecomNetRetinexTapetum,15.262952928996125,0.6321973942570199,34.79060745239258,1935.4638671875,43.99390715982726,0.4987882673740387
00785.png,DecomNetRetinexTapetum,15.248382603671802,0.6283662269447757,34.819366455078125,1941.9681396484375,44.067767581855534,0.5026993751525879
00786.png,DecomNetRetinexTapetum,15.247444426438799,0.6322833429051946,34.90011215209961,1942.3876953125,44.07252767101633,0.5042180418968201
00787.png,DecomNetRetinexTapetum,19.613113203076754,0.7174367662982899,23.448017120361328,710.8353881835938,26.661496360549492,0.4309706389904022
00788.png,DecomNetRetinexTapetum,19.209290092228187,0.7070534226104855,24.702388763427734,780.1019287109375,27.930304844575854,0.4394765794277191
00789.png,DecomNetRetinexTapetum,19.25669295924422,0.7085275058066908,24.50820541381836,771.6334838867188,27.778291594097695,0.43285417556762695
00690.png,DecomNetRetinexTapetumRGB,20.265705162309764,0.8177792230117574,19.43962860107422,611.65966796875,24.7317542436591,0.29520440101623535
00691.png,DecomNetRetinexTapetumRGB,20.03137179906743,0.7968907370829991,19.86161231994629,645.5697631835938,25.408064924027446,0.29378554224967957
00692.png,DecomNetRetinexTapetumRGB,18.746189066486416,0.7863319627848552,24.608871459960938,867.883544921875,29.459863287562538,0.3513334095478058
00693.png,DecomNetRetinexTapetumRGB,18.24414163637815,0.7762022431555188,26.287317276000977,974.2405395507812,31.212826522934144,0.3626648783683777
00694.png,DecomNetRetinexTapetumRGB,16.406862242893816,0.7802266868746089,33.814537048339844,1487.2847900390625,38.56533145247247,0.3486946225166321
00695.png,DecomNetRetinexTapetumRGB,16.40729143149326,0.7801708868777922,33.84769821166992,1487.1378173828125,38.563425903086106,0.34664180874824524
00696.png,DecomNetRetinexTapetumRGB,16.717498768214075,0.7684432340132253,32.090457916259766,1384.61962890625,37.21047740766369,0.3717029094696045
00697.png,DecomNetRetinexTapetumRGB,16.72216208211967,0.767801781710174,32.09197235107422,1383.1336669921875,37.19050506503223,0.3699227273464203
00698.png,DecomNetRetinexTapetumRGB,18.74724993300559,0.8383758177769002,25.319189071655273,867.6715698242188,29.45626537469098,0.3213008642196655
00699.png,DecomNetRetinexTapetumRGB,18.723870855865282,0.8270702002193725,25.31215476989746,872.3550415039062,29.53565711989334,0.32683125138282776
00700.png,DecomNetRetinexTapetumRGB,22.295775868586006,0.778765840554369,15.206418991088867,383.2681884765625,19.577236487220624,0.24872827529907227
00701.png,DecomNetRetinexTapetumRGB,22.408163337311912,0.7865323041248856,15.031848907470703,373.4771423339844,19.325556714723238,0.24588347971439362
00702.png,DecomNetRetinexTapetumRGB,12.712955364993055,0.7365777783770656,53.13607406616211,3481.647705078125,59.0054887707756,0.4199663996696472
00703.png,DecomNetRetinexTapetumRGB,12.692674970683486,0.7358366692221142,53.30087661743164,3497.944091796875,59.14341968297805,0.41972580552101135
00704.png,DecomNetRetinexTapetumRGB,12.65039733461978,0.7335173522736302,53.61227798461914,3532.162109375,59.43199567047198,0.4210055470466614
00705.png,DecomNetRetinexTapetumRGB,13.787676390117419,0.7432824434477668,47.76250076293945,2718.39599609375,52.138239288393216,0.42969298362731934
00706.png,DecomNetRetinexTapetumRGB,13.317981351086882,0.7291537164778786,50.50049591064453,3028.881103515625,55.03527144945889,0.45134487748146057
00707.png,DecomNetRetinexTapetumRGB,13.75345431791029,0.742820049632032,47.8916015625,2739.9013671875,52.34406716321822,0.42969846725463867
00708.png,DecomNetRetinexTapetumRGB,20.361535694089113,0.814583457174375,18.900470733642578,598.3107299804688,24.460391043081646,0.3373764455318451
00709.png,DecomNetRetinexTapetumRGB,20.67705226089053,0.8173955690559126,18.19648551940918,556.3846435546875,23.5878070950796,0.3334020972251892
00710.png,DecomNetRetinexTapetumRGB,17.10470185545187,0.8491222843544647,25.047378540039062,1266.5145263671875,35.5881233892318,0.2725452482700348
00711.png,DecomNetRetinexTapetumRGB,17.080513565090364,0.8485627062226125,25.085899353027344,1273.588134765625,35.6873665989188,0.2734149098396301
00712.png,DecomNetRetinexTapetumRGB,16.698616363045847,0.8575027497739128,31.903003692626953,1390.65283203125,37.291457896296436,0.26493486762046814
00713.png,DecomNetRetinexTapetumRGB,16.634087931053756,0.8560761122831805,32.05821228027344,1411.4697265625,37.569531891713794,0.2667655050754547
00714.png,DecomNetRetinexTapetumRGB,19.99025757889735,0.7263039659171845,17.981609344482422,651.7103271484375,25.528617807246,0.47395870089530945
00715.png,DecomNetRetinexTapetumRGB,20.264069948071782,0.7381854582976706,17.239721298217773,611.8900146484375,24.736410706657452,0.46827471256256104
00716.png,DecomNetRetinexTapetumRGB,19.011413782998563,0.8667918910934554,18.9793643951416,816.4676513671875,28.573898077916976,0.2385760247707367
00717.png,DecomNetRetinexTapetumRGB,14.410517668717038,0.799427422611319,38.90016174316406,2355.204345703125,48.530447614905896,0.33028852939605713
00718.png,DecomNetRetinexTapetumRGB,16.194741757339425,0.7267015980542441,35.56376647949219,1561.7308349609375,39.51874030078562,0.445884644985199
00719.png,DecomNetRetinexTapetumRGB,16.191017106208207,0.7281430762631901,35.52777862548828,1563.07080078125,39.53569021506075,0.4454703629016876
00720.png,DecomNetRetinexTapetumRGB,25.49399550088829,0.8483764886918447,9.928230285644531,183.51890563964844,13.546914986064113,0.3105979263782501
00721.png,DecomNetRetinexTapetumRGB,25.43397041352607,0.8539317603134364,10.328723907470703,186.07298278808594,13.640857113395988,0.29891496896743774
00722.png,DecomNetRetinexTapetumRGB,17.617736761646416,0.7304055144352383,30.200849533081055,1125.3994140625,33.54697324741086,0.5338573455810547
00723.png,DecomNetRetinexTapetumRGB,17.762712634672717,0.7316655412216537,29.388105392456055,1088.4515380859375,32.99168892442364,0.5400279760360718
00724.png,DecomNetRetinexTapetumRGB,18.614633311498597,0.6542686565625112,26.94090461730957,894.5755615234375,29.909456055291905,0.684809148311615
00725.png,DecomNetRetinexTapetumRGB,18.36319140732472,0.6605286616432127,27.825965881347656,947.8971557617188,30.787938478594484,0.687374472618103
00726.png,DecomNetRetinexTapetumRGB,17.504945210595437,0.6588953568766376,30.31529426574707,1155.01025390625,33.985441793601126,0.7061170935630798
00727.png,DecomNetRetinexTapetumRGB,17.572959307604684,0.6619808835007639,30.161571502685547,1137.062744140625,33.720360972869564,0.7086352705955505
00728.png,DecomNetRetinexTapetumRGB,17.543189548297875,0.6458435845284028,30.17963409423828,1144.8837890625,33.836131413956,0.7074396014213562
00729.png,DecomNetRetinexTapetumRGB,16.817599171448332,0.78582792547622,34.6544189453125,1353.070556640625,36.784107392196226,0.32265332341194153
00730.png,DecomNetRetinexTapetumRGB,16.465370052611576,0.7824644354685506,36.16107940673828,1467.382568359375,38.30642985660991,0.3271879553794861
00731.png,DecomNetRetinexTapetumRGB,21.07634286046796,0.791896415697482,19.62869644165039,507.51171875,22.528020746394922,0.342390239238739
00732.png,DecomNetRetinexTapetumRGB,20.73685298584193,0.7934167559460273,20.447261810302734,548.7759399414062,23.425967214640387,0.34751445055007935
00733.png,DecomNetRetinexTapetumRGB,21.12550691704771,0.802531162624918,17.64007568359375,501.7988586425781,22.400867363621842,0.3257983922958374
00734.png,DecomNetRetinexTapetumRGB,21.108821140748965,0.8016180620486315,17.64065933227539,503.7304992675781,22.44394125967135,0.32623767852783203
00735.png,DecomNetRetinexTapetumRGB,17.13748752456237,0.7175551245824895,28.66443634033203,1256.9893798828125,35.45404602979486,0.4809122383594513
00736.png,DecomNetRetinexTapetumRGB,17.184170067126004,0.7230738670677791,28.499006271362305,1243.55029296875,35.26400846427913,0.4808162450790405
00737.png,DecomNetRetinexTapetumRGB,22.869704789383853,0.7818660571046224,13.693327903747559,335.82257080078125,18.325462362537575,0.42390960454940796
00738.png,DecomNetRetinexTapetumRGB,22.848885085905152,0.7933857743886122,14.28885555267334,337.43634033203125,18.36944039245701,0.4141027331352234
00739.png,DecomNetRetinexTapetumRGB,19.30881222912037,0.8061650586069673,23.767261505126953,762.4285278320312,27.612108355430436,0.37861180305480957
00740.png,DecomNetRetinexTapetumRGB,19.270362539270614,0.8050873393521688,23.875534057617188,769.2085571289062,27.73460937400969,0.3821965754032135
00741.png,DecomNetRetinexTapetumRGB,25.535308379314895,0.8364283684591726,11.009513854980469,181.78143310546875,13.482634501664307,0.28787901997566223
00742.png,DecomNetRetinexTapetumRGB,19.036535246281613,0.7805302677560744,26.01816177368164,811.7584838867188,28.491375605377826,0.3974275290966034
00743.png,DecomNetRetinexTapetumRGB,22.242230510834318,0.8158936159112247,15.473491668701172,388.0228576660156,19.698295806135505,0.367428719997406
00744.png,DecomNetRetinexTapetumRGB,26.31261231764674,0.8335002851660738,8.864533424377441,151.99143981933594,12.328480839881934,0.340621680021286
00745.png,DecomNetRetinexTapetumRGB,16.661451353675176,0.6749299605022906,31.313566207885742,1402.6044921875,37.45136168669305,0.46959415078163147
00746.png,DecomNetRetinexTapetumRGB,16.680861170681524,0.6700867183649256,31.21231460571289,1396.349853515625,37.36776489858104,0.4766342043876648
00747.png,DecomNetRetinexTapetumRGB,24.851485933440678,0.8435071154560038,10.690886497497559,212.7804718017578,14.586996668326137,0.29420438408851624
00748.png,DecomNetRetinexTapetumRGB,25.025906964301704,0.849167116470891,10.361346244812012,204.4041290283203,14.296997203200409,0.29065147042274475
00749.png,DecomNetRetinexTapetumRGB,21.82389851912881,0.8151152487988079,15.229042053222656,427.25830078125,20.670227400327505,0.355619341135025
00750.png,DecomNetRetinexTapetumRGB,22.861079356142856,0.8205185115659585,12.550639152526855,336.4902038574219,18.343669312801676,0.3215085566043854
00751.png,DecomNetRetinexTapetumRGB,26.05914057993575,0.8474905547261823,9.896252632141113,161.12625122070312,12.69355156056425,0.3365495204925537
00752.png,DecomNetRetinexTapetumRGB,24.24105170518179,0.8391884271147094,11.899237632751465,244.892333984375,15.64903619985509,0.3525691628456116
00753.png,DecomNetRetinexTapetumRGB,20.09052256527886,0.8140945714913815,24.147844314575195,636.8367309570312,25.235624243458517,0.3857140839099884
00754.png,DecomNetRetinexTapetumRGB,20.216148461350862,0.8162320537989401,23.76810073852539,618.67919921875,24.873262737701904,0.3853406012058258
00755.png,DecomNetRetinexTapetumRGB,32.044847350617786,0.8562292911556454,4.715204238891602,40.60650634765625,6.3723234653975505,0.4031762182712555
00756.png,DecomNetRetinexTapetumRGB,31.999184961733715,0.8528361051422498,4.732523441314697,41.035701751708984,6.405911469237534,0.40315085649490356
00757.png,DecomNetRetinexTapetumRGB,22.301356253778714,0.8245958574920133,15.053976058959961,382.7760314941406,19.56466282597634,0.38327911496162415
00758.png,DecomNetRetinexTapetumRGB,19.857795702280473,0.7988968404481135,20.041833877563477,671.89404296875,25.92091902245655,0.38022300601005554
00759.png,DecomNetRetinexTapetumRGB,20.225351000283712,0.7257610243470228,20.503393173217773,617.36962890625,24.846923932476027,0.3364599645137787
00760.png,DecomNetRetinexTapetumRGB,20.340219649832378,0.7500798121713018,20.428796768188477,601.2545776367188,24.52049301373687,0.3349689543247223
00761.png,DecomNetRetinexTapetumRGB,22.16944400266609,0.8495855124964756,15.559002876281738,394.580810546875,19.864058259753342,0.27422910928726196
00762.png,DecomNetRetinexTapetumRGB,21.962295168082512,0.8492075768796581,15.920220375061035,413.8575134277344,20.343488231562805,0.2758610248565674
00763.png,DecomNetRetinexTapetumRGB,16.308466292315384,0.7668236920763053,38.46711730957031,1521.3660888671875,39.004693164633245,0.3479458689689636
00764.png,DecomNetRetinexTapetumRGB,16.758352287568037,0.7738147987508289,36.24905014038086,1371.65576171875,37.03587128337539,0.3660834729671478
00765.png,DecomNetRetinexTapetumRGB,17.948134362469986,0.6990277092735105,21.00528907775879,1042.958251953125,32.29486417300938,0.4809337854385376
00766.png,DecomNetRetinexTapetumRGB,17.959639395407194,0.7044829677511353,21.076719284057617,1040.198974609375,32.252115816010814,0.4788282513618469
00767.png,DecomNetRetinexTapetumRGB,16.751507362697268,0.7266922160159103,28.573183059692383,1373.8193359375,37.065068945538194,0.27966487407684326
00768.png,DecomNetRetinexTapetumRGB,15.19603482632653,0.6502163050308535,34.649234771728516,1965.517333984375,44.33415538819224,0.3181211054325104
00769.png,DecomNetRetinexTapetumRGB,19.709895784230223,0.7949432435661622,22.02212905883789,695.1696166992188,26.36606942073882,0.39163991808891296
00770.png,DecomNetRetinexTapetumRGB,19.665022961350456,0.7936943535631104,22.20305061340332,702.3895874023438,26.502633593708076,0.39365461468696594
00771.png,DecomNetRetinexTapetumRGB,20.976109562831915,0.6186193102954735,20.04610252380371,519.361083984375,22.78949503574783,0.46377092599868774
00772.png,DecomNetRetinexTapetumRGB,21.41039356205292,0.6304976347940238,18.622161865234375,469.9384765625,21.678064409962897,0.46503278613090515
00773.png,DecomNetRetinexTapetumRGB,20.60233583238038,0.8512639289727227,19.79170799255371,566.03955078125,23.79158571388738,0.3155331611633301
00774.png,DecomNetRetinexTapetumRGB,21.22827239941232,0.8572781170789865,18.320348739624023,490.0643615722656,22.13739735317288,0.3113614618778229
00775.png,DecomNetRetinexTapetumRGB,20.51836883742488,0.7140298295437768,17.214027404785156,577.0899047851562,24.02269561862607,0.40195682644844055
00776.png,DecomNetRetinexTapetumRGB,20.710619127582586,0.7190032872017097,17.095169067382812,552.1008911132812,23.496827256318696,0.3943115174770355
00777.png,DecomNetRetinexTapetumRGB,18.574350300674148,0.6829796296703113,22.44090461730957,902.9118041992188,30.048490880562017,0.43099674582481384
00778.png,DecomNetRetinexTapetumRGB,18.387210200759377,0.6792665539597342,23.407928466796875,942.6692504882812,30.702919250264806,0.43208205699920654
00779.png,DecomNetRetinexTapetumRGB,20.723885762782807,0.7905409467153741,19.739065170288086,550.4169311523438,23.460966117198662,0.34672003984451294
00780.png,DecomNetRetinexTapetumRGB,20.709192458027527,0.7911428369197697,19.76618003845215,552.2822875976562,23.50068696012217,0.34391409158706665
00781.png,DecomNetRetinexTapetumRGB,16.904022025329827,0.6793906278446397,23.449838638305664,1326.4111328125,36.41992768818329,0.5390027165412903
00782.png,DecomNetRetinexTapetumRGB,16.915501304551576,0.6876144860834339,23.409854888916016,1322.9097900390625,36.371826872444316,0.5368929505348206
00783.png,DecomNetRetinexTapetumRGB,16.91280114753851,0.6877552645610449,23.418210983276367,1323.7325439453125,36.383135433127705,0.5345078706741333
00784.png,DecomNetRetinexTapetumRGB,14.91214286059683,0.6030509209677035,36.23580551147461,2098.292724609375,45.80712526026246,0.5629891753196716
00785.png,DecomNetRetinexTapetumRGB,14.895871559015703,0.5992076092908999,36.26509475708008,2106.1689453125,45.89301630218371,0.5637723207473755
00786.png,DecomNetRetinexTapetumRGB,14.897561871552202,0.6028919518679984,36.34141540527344,2105.349365234375,45.88408618719975,0.56635582447052
00787.png,DecomNetRetinexTapetumRGB,18.969085087299902,0.6941420556786885,25.152883529663086,824.4642944335938,28.71348628142521,0.455477774143219
00788.png,DecomNetRetinexTapetumRGB,18.577579945308504,0.6835670388261725,26.421630859375,902.2406005859375,30.037320129897367,0.4633049964904785
00789.png,DecomNetRetinexTapetumRGB,18.613892597905267,0.6849284134886721,26.24802017211914,894.7281494140625,29.912006776778828,0.45921245217323303
