epoch,lambda,gate_r,gate_g,gate_b,train_total,train_l1,train_ssim,train_color,train_attn,train_gate,train_smooth_enh,train_psnr,val_total,val_l1,val_ssim,val_color,val_attn,val_gate,val_smooth_enh,val_psnr
1,0.8478238582611084,1.0045161247253418,1.0045944452285767,1.004429578781128,0.7040733639584031,0.34826779850693634,0.7979943655258002,0.34454159646533256,0.7345199813676435,0.0021127231972736067,0.002239081744635261,8.067550565227961,0.566137847006321,0.2710359512269497,0.6536637669801713,0.27101801842451095,0.9756532543897629,0.004513382911682129,0.002335709726321511,11.213726635677045
2,0.855663537979126,1.0090396404266357,1.0091583728790283,1.0089752674102783,0.6873759994673174,0.335480700745139,0.7837962348793828,0.3307304853616759,0.9711345150027164,0.006801481131290974,0.002443430137138294,8.385477544199695,0.564861755669117,0.2704546399414539,0.6518696033954621,0.27043638586997987,0.9801900994777679,0.009057760238647461,0.00234899829083588,11.236696175309389
3,0.8631207346916199,1.0133534669876099,1.013539433479309,1.0132771730422974,0.6865585737450178,0.33497326457223225,0.7829816029515377,0.32998899994201436,0.9764262278412663,0.011101425419626542,0.0024311749513672536,8.419280877894785,0.5636430314183235,0.26989798843860624,0.6501603668928146,0.26987942203879356,0.9845161736011505,0.01339002512395382,0.002361737118335441,11.25876037707519
4,0.8705540299415588,1.0177149772644043,1.0179327726364136,1.0175716876983643,0.6855645387671715,0.3342650508464769,0.7822387246198432,0.3294024911037711,0.9799249879149503,0.01556368814348135,0.0024599930999778903,8.423846702498862,0.562421987503767,0.2693386366963387,0.6484518885612488,0.2693197438120842,0.9888607889413834,0.017739813774824142,0.0023745417263126,11.281000974106536
5,0.8775840401649475,1.0218075513839722,1.0220434665679932,1.0215437412261963,0.6857133084951446,0.3344633428509845,0.7819256671639376,0.32952180175587187,0.9846117912336837,0.019751889587834824,0.0024336003224625317,8.436638860242677,0.5612684528529645,0.26880909845232964,0.6468427979946136,0.2687898921966553,0.9929153090715408,0.021798253059387207,0.0023866735910996794,11.302119904264542
6,0.8846530318260193,1.0259099006652832,1.0261794328689575,1.0255903005599976,0.6838680200798567,0.3337124419766803,0.7792393301808557,0.32853849301504534,0.9882334685602854,0.02387403441203195,0.0024633749799672948,8.426652449626866,0.5601040875911713,0.26827318474650386,0.6452224010229111,0.26825365126132966,0.9970072084665298,0.025893211364746094,0.00239894196158275,11.323558075815065
7,0.8915920257568359,1.0299075841903687,1.0302289724349976,1.0295344591140747,0.6850606417933176,0.3338665473599767,0.781600987495378,0.328939592422441,0.9924238871696384,0.027892014878087266,0.0024576651333116516,8.415861734364684,0.5589598889648915,0.2677453273534775,0.6436343508958816,0.2677254694700241,1.0010021954774857,0.029890339821577072,0.0024110306252259762,11.344737360315884
8,0.8986221551895142,1.0339652299880981,1.034345269203186,1.0335414409637451,0.6829523499621901,0.3330583390454913,0.7784387122753055,0.32773129451413485,0.996106133904568,0.031932680304487086,0.0025094434981732523,8.456824829824331,0.5577966894209385,0.2672072805464268,0.6420237565040589,0.26718708157539367,1.005061206817627,0.033950649201869965,0.0024233540089335292,11.366391236565029
9,0.9056606292724609,1.038051962852478,1.0384628772735596,1.0375229120254517,0.683420907272849,0.3337883893833604,0.7774865544119547,0.3285806276077448,0.9994949788548225,0.03600996910312841,0.0024946599692474442,8.41710461077108,0.5566294074058533,0.2666659364104271,0.6404118877649307,0.26664539337158205,1.0091227543354035,0.038012586534023285,0.002435758535284549,11.388244369152604
10,0.9125404357910156,1.0420118570327759,1.0424420833587646,1.0414001941680908,0.6829457220643066,0.33333669550890144,0.7773505969102993,0.32813269766264186,1.003696596899698,0.03998903787240039,0.002538455310440081,8.444519873311636,0.555488406419754,0.2661355225741863,0.6388408589363098,0.2661146251857281,1.013062024116516,0.04195138067007065,0.002447906244779006,11.40972271131025
11,0.9194092750549316,1.0459309816360474,1.0464277267456055,1.0452529191970825,0.6831232607364655,0.3343735792955687,0.774896808834963,0.3289615276247956,1.0072902447955554,0.04385448775665705,0.0025498737407804923,8.442223131166738,0.5543475459516048,0.26560385525226593,0.6372741508483887,0.2655826069414616,1.0169824397563934,0.04587054252624512,0.0024600913468748333,11.43131735903042
12,0.9261646270751953,1.0497736930847168,1.0503029823303223,1.0490021705627441,0.6791779620702877,0.3298391322063845,0.7771369995072831,0.3243150194717008,1.0118478758390559,0.04772426772776038,0.0025347050544697533,8.51396879982962,0.5532259397208691,0.265079882889986,0.6357385659217835,0.26505827739834786,1.0208068978786469,0.04969295114278793,0.002472098852158524,11.452664419943275
13,0.9328883290290833,1.0535494089126587,1.0541605949401855,1.052729845046997,0.6769305173047754,0.32873990178801293,0.774323687303898,0.3232185767833577,1.0161743600701176,0.05160565531357776,0.002547388318330483,8.54442607743135,0.5521084280312061,0.26455661475658415,0.6342125535011292,0.2645346449315548,1.0245966458320617,0.05347995087504387,0.0024840933759696783,11.474047929423545
14,0.9394394159317017,1.0572251081466675,1.0578702688217163,1.0562870502471924,0.6783831847268481,0.32915571765151136,0.7767112248165663,0.32360240366569787,1.0196113801279734,0.05527112537691759,0.0025362961798321543,8.569073955545564,0.5510211780667305,0.2640463674068451,0.6327323907613754,0.26402403429150584,1.0282475847005843,0.05712747573852539,0.0024957948038354517,11.494961864462022
15,0.9460659027099609,1.0609068870544434,1.0616251230239868,1.0599135160446167,0.676749142103417,0.3292873286923697,0.7722184817458309,0.32333254034436026,1.0225901007652283,0.05900440698619499,0.0025970705955419256,8.546663609244941,0.5499193394184112,0.2635279208421707,0.6312362682819367,0.26350520983338355,1.0319394195079803,0.060815177857875824,0.0025076801457908004,11.51627643045191
16,0.9526904225349426,1.0646048784255981,1.0653403997421265,1.0635079145431519,0.6792407756627992,0.33131480806095653,0.7727925832881484,0.3256647704645645,1.0257281342218088,0.06260378563473391,0.002592009036032873,8.482327571490405,0.5488173970580101,0.2630080981552601,0.6297442674636841,0.26298499464988706,1.0356135612726212,0.06448440253734589,0.0025195945147424934,11.537713044143086
17,0.9592795372009277,1.0682488679885864,1.0690248012542725,1.0670533180236816,0.678308428026909,0.330131889255934,0.773496865533119,0.32439531749764156,1.0306568173475044,0.06627573116227638,0.0025945281336452203,8.522229765413663,0.5477214086055756,0.262489849627018,0.6282646399736405,0.26246635034680366,1.0392436826229094,0.06810899823904037,0.0025314785249065607,11.559150190297549
18,0.9657745361328125,1.071803331375122,1.0726169347763062,1.070535659790039,0.6734530655450599,0.3260630256561346,0.7723337238611176,0.3198322444114574,1.033481331758721,0.0698796957731247,0.002585584660558853,8.645831740261317,0.5466419738531113,0.26197814375162126,0.626811763048172,0.26195424601435663,1.0427927660942078,0.07165198028087616,0.002543206885457039,11.580381798968254
19,0.9719474911689758,1.0751208066940308,1.0759742259979248,1.073759913444519,0.6768298765947652,0.32885414916415545,0.7729802575222281,0.3231772894776145,1.0375630231790764,0.07323073058627373,0.0025899026713463976,8.55508213777332,0.5456204140186309,0.2614929497241974,0.6254412817955017,0.26146867021918296,1.0460986918210984,0.0749516487121582,0.0025543351052328945,11.600572819431086
20,0.9782842993736267,1.0785034894943237,1.0794306993484497,1.0771061182022095,0.6714163866153983,0.32404745196880297,0.7723906345145647,0.3178735867489216,1.0407553543878156,0.07663615247191385,0.0026381054857940694,8.69463755114086,0.5445692081749439,0.26099240362644194,0.6240343862771988,0.2609677222371101,1.0495008528232574,0.07834677398204803,0.0025658108724746853,11.6214647727546
21,0.9844635128974915,1.0817694664001465,1.0827423334121704,1.0803349018096924,0.6736628239931062,0.3262657583799473,0.7718880883482999,0.3199985003055528,1.044567079738129,0.07999881850772125,0.002671388438144742,8.61693867318593,0.5435466194152831,0.2605043388158083,0.6226701468229294,0.2604792607575655,1.0527770471572877,0.08161556720733643,0.002576994597329758,11.641896586050855
22,0.9907196760177612,1.0850704908370972,1.0860873460769653,1.0835926532745361,0.6744075209595436,0.3281701591818832,0.7685194188772246,0.3219287279386853,1.046595495107562,0.08319659323193306,0.0026655017918105735,8.575992599742277,0.5425104293227195,0.2600085894018412,0.6212914037704468,0.2599830961227417,1.0560863572359085,0.08491683006286621,0.002588355835760012,11.66271195726779
23,0.9968279600143433,1.0882513523101807,1.0893123149871826,1.0867401361465454,0.6735317055569139,0.32687773746113447,0.7696784748587497,0.3206286113276038,1.0505226691101872,0.0864834425061248,0.00266562556295634,8.611967195155334,0.5415008737146855,0.25952452145516874,0.6199521678686142,0.2594986169785261,1.0592791002988815,0.08810126781463623,0.0025994483148679137,11.6830975710744
24,1.0027836561203003,1.0913230180740356,1.0924158096313477,1.089753270149231,0.6700439335301865,0.32310895101968634,0.7709645393282868,0.3170206583170004,1.0541109505087831,0.0896172116315642,0.0026931973907901624,8.706136139616113,0.5405193175375461,0.2590528026223183,0.6186542063951492,0.25902649112045767,1.0623503762483597,0.09116403758525848,0.002610261636436917,11.703020777882518
25,1.0087850093841553,1.094382643699646,1.0955274105072021,1.0928114652633667,0.672332514857137,0.32666128769863484,0.767046929098839,0.3204195371200872,1.0555298591769018,0.09268583478622658,0.002744700323768653,8.608486374109791,0.5395298208296299,0.25857614807784557,0.6173491179943085,0.2585494191944599,1.06543592274189,0.09424050897359848,0.0026211803092155606,11.723211649809134
26,1.0146548748016357,1.0973597764968872,1.0985403060913086,1.0957297086715698,0.6694482197595197,0.32364207488852875,0.767965379842492,0.31667482541051023,1.0608115944751473,0.09572737222147543,0.002690767160032031,8.67613949343707,0.5385646334290505,0.25811017625033855,0.6160800439119339,0.2580830289423466,1.0684145683050155,0.09720993041992188,0.0026318647467996927,11.743006613271028
27,1.0203601121902466,1.1002005338668823,1.101435899734497,1.098531723022461,0.6679777222317319,0.3220712331145309,0.7683311361213063,0.3155746463426324,1.0637124846147936,0.09862110919730607,0.0026764744787130417,8.700619617689087,0.5376292042434215,0.2576576388627291,0.6148538106679916,0.2576300798356533,1.0712699425220489,0.10005605220794678,0.0026422428380465136,11.762285339542565
28,1.0261449813842773,1.1030510663986206,1.1043541431427002,1.101405143737793,0.6689291832058929,0.32307636737823486,0.7679818709229314,0.31628281189951785,1.0656832123911657,0.1014771650350371,0.0026480714617253738,8.704071648514038,0.5366800397634506,0.25719742991030214,0.613612596988678,0.25716944463551045,1.0741604858636855,0.10293678939342499,0.00265278548176866,11.781947219143113
29,1.031758189201355,1.1058269739151,1.1071408987045288,1.10409677028656,0.6683318219905676,0.32290004904187003,0.7668274862821712,0.3161575534315996,1.068824973910354,0.10424759888718295,0.0026953300287903743,8.722614810371136,0.535762594640255,0.2567515902221203,0.6124168503284454,0.2567231836915016,1.076921768784523,0.10568821430206299,0.0026630107616074385,11.801048209225696
30,1.0373027324676514,1.1084951162338257,1.1098685264587402,1.1067897081375122,0.6680601214946702,0.3231743430328924,0.7652980622857116,0.31654578308726466,1.0708578270535136,0.10703823602823324,0.002714806339205351,8.691571903025848,0.5348574234545231,0.2563108006864786,0.6112401902675628,0.2562819723784924,1.0796279925107957,0.10838445276021957,0.0026731075148563833,11.819986057160701
31,1.0427603721618652,1.1111419200897217,1.112518072128296,1.109364628791809,0.6668501038884007,0.3221804577597352,0.7648880835189376,0.3153991250451221,1.0733717971069867,0.10969637057115865,0.002729176515226014,8.715938156932447,0.5339688059687614,0.2558770954608917,0.6100885486602783,0.2558478432893753,1.0822618949413298,0.11100821197032928,0.002683051147032529,11.838670265648746
32,1.0480952262878418,1.1136786937713623,1.1150779724121094,1.1118720769882202,0.6645294829856517,0.3206275004980176,0.7632134494393371,0.31361607947321823,1.0761434519013693,0.11226776736073715,0.0027678260216922605,8.792002542858102,0.5331022883951664,0.2554533363878727,0.6089686393737793,0.2554236674308777,1.084806740283966,0.11354291439056396,0.0026927627192344515,11.856975446400584
33,1.0534167289733887,1.1161874532699585,1.1176140308380127,1.1143600940704346,0.6635512394267459,0.3186044079619785,0.7661760012770809,0.31122225020513977,1.0799056471780288,0.11475353133539822,0.0027551958202059533,8.79923417467318,0.5322389417886734,0.2550302352756262,0.6078558987379075,0.2550001326203346,1.0873280614614487,0.11605386435985565,0.002702458912972361,11.875301568958216
34,1.0586236715316772,1.1186071634292603,1.1200733184814453,1.116766095161438,0.6658600069755731,0.32222067755322126,0.7620670989502308,0.31516443920689957,1.0808048331460287,0.11723825863974038,0.0027795299118774574,8.703186571957017,0.531396277397871,0.2546164625883102,0.6067727673053741,0.2545859356969595,1.0897667443752288,0.11848219484090805,0.00271194388740696,11.893271277471507
35,1.0637483596801758,1.1209614276885986,1.1224617958068848,1.119128704071045,0.6655689921489981,0.3215793646698774,0.7629918629346892,0.31439721151146777,1.0834525490916052,0.11970566594323447,0.0028055429615643484,8.757451002497387,0.5305685061216354,0.2542091678082943,0.6057116085290909,0.2541782119125128,1.0921456217765808,0.12085064500570297,0.0027212740178219974,11.911006357488517
36,1.0688066482543945,1.1232634782791138,1.1247984170913696,1.1214377880096436,0.6654493302799934,0.32222515275312025,0.7608607092569041,0.3152011120042136,1.0844614672106365,0.1219907317223937,0.0028428648000171537,8.725033252848563,0.5297530063986778,0.25380714163184165,0.6046690034866333,0.25377576261758805,1.0944719862937928,0.12316656112670898,0.0027304843987803907,11.928557259048935
37,1.073782205581665,1.1255167722702026,1.127070665359497,1.1236776113510132,0.6662519782088524,0.32219392182522044,0.7628795241200647,0.3149456246647724,1.0878935082014216,0.12427984359999035,0.002830250215781636,8.741302202879526,0.528952802568674,0.253411815688014,0.6036487728357315,0.2533800060302019,1.0967375963926316,0.1254216879606247,0.002739542881026864,11.945860145075343
38,1.0786911249160767,1.1277107000350952,1.129287838935852,1.12588632106781,0.6637472936580348,0.3199910209622494,0.76248610989992,0.3126977685579034,1.0903837465962698,0.1265410371991091,0.002817778869770294,8.77496111587152,0.5281646750867367,0.2530216897279024,0.6026465928554535,0.2529894545674324,1.0989547228813172,0.12762829661369324,0.0027484766021370886,11.962978844978581
39,1.083503007888794,1.1298612356185913,1.1314427852630615,1.1279957294464111,0.664274908775507,0.32101425199314604,0.7609060004700062,0.31404859416706615,1.0919738342595655,0.12868831635907638,0.002846109067620493,8.731477950745182,0.5273942455649376,0.25263958543539045,0.6016696166992187,0.25260692454874517,1.10110347032547,0.129766583442688,0.002757236307952553,11.979787073232192
40,1.088083267211914,1.1318585872650146,1.133465051651001,1.12997567653656,0.6628764881644138,0.3198119168018186,0.760606586933136,0.31259745653978616,1.0947109890538593,0.13073783419853033,0.0028538512943182574,8.786621398525595,0.526663935482502,0.2522768370062113,0.6007459491491318,0.2522437704354525,1.103113310933113,0.1317664384841919,0.00276555325021036,11.995782595986604
41,1.0926989316940308,1.1338601112365723,1.1354899406433105,1.1319806575775146,0.6637489476869273,0.3204892412867657,0.7609078932640164,0.3132173405137173,1.0964661018792974,0.13276110087023224,0.002832856279700388,8.774902417992159,0.5259281508624554,0.2519106575846672,0.5998174875974656,0.25187717080116273,1.105134016275406,0.13377690315246582,0.0027739433088572697,12.011968172118415
42,1.09715735912323,1.1357769966125488,1.1374186277389526,1.1338807344436646,0.6602150499820709,0.3178259777121766,0.7592237979866737,0.31031701783108157,1.0986739882203036,0.13474171608686447,0.0028586796346813615,8.814053553874231,0.5252199991047383,0.2515575517714024,0.5989263755083084,0.2515236584097147,1.1070592164993287,0.13569211959838867,0.0027820362761849537,12.02761224957687
43,1.101593017578125,1.1376516819000244,1.1393333673477173,1.1357777118682861,0.6606421054795731,0.3191436187818993,0.7567340038543524,0.31145547884841296,1.099949456924616,0.13662974986919138,0.0027914522324017314,8.808392724318123,0.5245160433650017,0.25120595075190066,0.5980425214767456,0.25117164447903634,1.1089647328853607,0.13758759200572968,0.002790093356743455,12.043226122457472
44,1.1058756113052368,1.139452338218689,1.141144037246704,1.1375839710235596,0.6615359443564748,0.3194909021258354,0.7578968239385028,0.31196539450523464,1.1024287592533022,0.13844621233468832,0.002845955082637713,8.817430029348655,0.5238386853039265,0.25086706012487414,0.5971942353248596,0.2508323529362679,1.1107803678512573,0.13939344882965088,0.0027978552237618716,12.058309793955566
45,1.110149621963501,1.1412386894226074,1.1429482698440552,1.1393771171569824,0.6596839025963185,0.3175575913384903,0.758457844340524,0.3099096185246179,1.1037285106126653,0.14029603052970974,0.0028476400414568395,8.852139264534229,0.5231632052361965,0.25052851893007755,0.5963502043485641,0.2504933999478817,1.1125848281383515,0.14118802547454834,0.002805611618096009,12.073411730333085
46,1.114195466041565,1.1429059505462646,1.1446279287338257,1.141035795211792,0.6606034969174585,0.31870686210865196,0.7575789787048517,0.31106009490268177,1.10551695075146,0.14200525315001952,0.0028800366305594526,8.813659453804505,0.5225267407298088,0.2502090280503035,0.5955570638179779,0.2501735205948353,1.1142627215385437,0.14285656809806824,0.002812934505054727,12.087694620956306
47,1.118201494216919,1.144546389579773,1.1462829113006592,1.1426661014556885,0.6596207837032717,0.317238264825455,0.7590262113615523,0.30947467459495676,1.1082545629767484,0.1436853315248046,0.002839400284100584,8.845199717318453,0.5218974781036377,0.24989260241389274,0.5947746181488037,0.24985670372843743,1.115913964509964,0.14449846744537354,0.0028201887186150997,12.101870519435504
48,1.1221970319747925,1.1461706161499023,1.1479229927062988,1.1442979574203491,0.6602389299592306,0.3186004106388536,0.7568423775739448,0.31094002030616585,1.1086139748262804,0.1453249849552332,0.0028701310944851746,8.79621332407551,0.5212702348828315,0.24957667902112007,0.5939963072538376,0.2495403854548931,1.11755544424057,0.1461305320262909,0.00282742730807513,12.11605368778488
49,1.12608003616333,1.147742509841919,1.149496078491211,1.1458631753921509,0.6602859878262808,0.31835997191279436,0.7575388079465821,0.3106774041472479,1.1103363716325094,0.1468989899338678,0.0029156860343158937,8.817343831803113,0.5206621639430523,0.24926995687186718,0.5932434463500976,0.24923327527940273,1.1191347408294678,0.14770059287548065,0.0028344549296889453,12.129852508312762
50,1.12992262840271,1.1492748260498047,1.1510456800460815,1.1474207639694214,0.6585160161173621,0.31722355530012486,0.7561609530171682,0.3093336290398309,1.111880364806153,0.1484736153899237,0.0029339242149902466,8.86877102928808,0.5200610257685184,0.24896623730659484,0.592500690817833,0.2489291699230671,1.120690437555313,0.14924709498882294,0.002841410245746374,12.143544326985088
51,1.1335937976837158,1.1507351398468018,1.1525062322616577,1.1488670110702515,0.6608849777731785,0.3191519339763841,0.7567873652591262,0.31144458367380984,1.1133356191391168,0.14995958309533985,0.0029261979507282376,8.78799955331896,0.5194889643788337,0.2486767617613077,0.5917957139015197,0.24863931737840175,1.122154928445816,0.1507028043270111,0.0028480451833456755,12.156619746945415
52,1.1372092962265015,1.1521596908569336,1.1539353132247925,1.1502903699874878,0.6581919907137405,0.31726995976858363,0.7551523474759834,0.3090627390977948,1.11517899812654,0.1514120306386504,0.002996842487888454,8.85449063318431,0.5189263363182545,0.24839161463081838,0.5911037367582321,0.2483537985384464,1.1235893070697784,0.1521284580230713,0.002854578918777406,12.169524498140904
53,1.1407617330551147,1.153537392616272,1.1553341150283813,1.1516914367675781,0.6579255232977312,0.3167437139985173,0.7558090056097785,0.30890717773243437,1.1161909754886183,0.1528298846164415,0.002928562727648505,8.858179793920977,0.5183741949498654,0.2481114112585783,0.5904259192943573,0.24807322263717652,1.1249904239177704,0.15352098643779755,0.0028609981096815317,12.18222996921303
54,1.144175410270691,1.1548622846603394,1.1566611528396606,1.153005599975586,0.6548997039018676,0.31405776825755144,0.755482810874318,0.30590842941472696,1.1184524755145229,0.15419243518696274,0.0029212767732069763,8.924422494284245,0.51784528195858,0.24784262351691722,0.5897780454158783,0.24780408054590225,1.1263207376003266,0.1548430174589157,0.0028671595524065196,12.194440079458795
55,1.1474204063415527,1.1560879945755005,1.157910943031311,1.1542472839355469,0.6527579128742218,0.3120538904223331,0.7555412968923879,0.30359739879536074,1.1201518732447957,0.15543208704438322,0.0029158310688555586,8.944344033409067,0.5173441012203693,0.2475876934081316,0.5891653215885162,0.24754880286753178,1.1275676250457765,0.15608207881450653,0.0028730032045859843,12.206041332716973
56,1.150707721710205,1.1573522090911865,1.1591730117797852,1.15549635887146,0.6569370842257212,0.3165245477196782,0.7538924591485844,0.30804400319276853,1.120590370754863,0.15671463535968647,0.002948030604720982,8.830580259235875,0.5168362261354923,0.2473288858681917,0.5885456335544587,0.24728964425623418,1.1288341248035432,0.15734052658081055,0.002878936444176361,12.217839496167642
57,1.153875708580017,1.1585466861724854,1.1603755950927734,1.1567037105560303,0.65647722399512,0.31628871310588924,0.7532249959402306,0.30840939075447793,1.1212919784146687,0.1579374213551366,0.002964334117064556,8.872088805720294,0.5163479445874691,0.2470797371864319,0.5879509419202804,0.24704014874994754,1.130043354034424,0.15854200720787048,0.0028846440417692066,12.22921728128561
58,1.1570067405700684,1.159726619720459,1.1615616083145142,1.1578882932662964,0.6566617675991946,0.3163726908522983,0.7534373839234196,0.308352826466394,1.1224193988844406,0.15914179246092952,0.0029944272733531717,8.881899402839522,0.5158657428622245,0.24683335691690445,0.5873647528886795,0.2467934263497591,1.1312345838546753,0.15972551703453064,0.002890289973001927,12.240487434208195
59,1.1600061655044556,1.160844326019287,1.1626852750778198,1.1590131521224976,0.6542139337506405,0.31452071094928785,0.7523194308890853,0.3063237946047339,1.123225518437319,0.16028691793597022,0.0029997564960531024,8.914461468280537,0.515405017733574,0.24659766800701619,0.5868056803941727,0.24655740402638912,1.132364057302475,0.16084758937358856,0.0028956904669757933,12.251286346946682
60,1.1629306077957153,1.161926031112671,1.1637731790542603,1.1601057052612305,0.6561333765817243,0.3160390590512475,0.7529802509518557,0.3077526310848635,1.1249311400014301,0.1613822087298992,0.002986777648275588,8.851356593067141,0.5149564629793167,0.24636794500052928,0.5862623488903046,0.24632735423743723,1.1334586691856385,0.1619349718093872,0.0029009535850491376,12.261828890796473
61,1.1657460927963257,1.1629626750946045,1.1648122072219849,1.1611433029174805,0.6551794756290524,0.314680005402066,0.7541828245617622,0.3065655274793159,1.126417754694473,0.1624476587356523,0.0029673467100554602,8.916765029651641,0.5145256108045578,0.2461470177769661,0.5857413494586945,0.24610610656440257,1.13450337767601,0.16297273337841034,0.0029060168226715177,12.271983286667018
62,1.16852867603302,1.163987159729004,1.165838360786438,1.1621625423431396,0.6564217195954434,0.31682326332774274,0.7515548952790194,0.30830286512541216,1.1268613795901454,0.16348200360702914,0.0029948770398880507,8.8375729816806,0.5141000127792359,0.24592853024601935,0.5852275383472443,0.24588730245828627,1.135533593893051,0.16399602591991425,0.002911025893408805,12.282040628846364
63,1.1711580753326416,1.16494882106781,1.1667957305908203,1.1631065607070923,0.6540483853151632,0.31437960457663205,0.7521363434403442,0.30614278864028843,1.1277332305908203,0.16444448104431464,0.0029668319147340087,8.941008177170797,0.5136992190778256,0.24572255291044712,0.5847445917129517,0.24568102203309536,1.1364944541454316,0.16495037078857422,0.0029157500562723726,12.291535858832969
64,1.1737951040267944,1.1659033298492432,1.1677532196044922,1.1640771627426147,0.6539889120085295,0.3145355616891107,0.7515288522077161,0.30629940850790155,1.1285455822944641,0.16544502436421638,0.0029896597545810565,8.91384943404246,0.5132968893647194,0.2455155213922262,0.584260333776474,0.24547368302941322,1.1374619209766388,0.1659112423658371,0.0029204913263674824,12.301093753320906
65,1.1762502193450928,1.16678786277771,1.1686359643936157,1.1649479866027832,0.6536989731844082,0.31440755863522374,0.751177676195322,0.3056660407157831,1.1309698986452679,0.16633802305820378,0.002964009855722272,8.888256384166132,0.512923883497715,0.24532343216240407,0.5838122576475143,0.24528130672872067,1.1383473706245422,0.16679060459136963,0.002924897260963917,12.309973652594199
66,1.1786853075027466,1.167655348777771,1.1695092916488647,1.165827751159668,0.6523985062227693,0.3124165325317272,0.7531799071056898,0.30413762965174607,1.1312128028204276,0.167220271777275,0.003027875934792466,8.955773969485948,0.5125537648797035,0.2451326286047697,0.5833681505918503,0.24509021237492562,1.1392269873619079,0.16766414046287537,0.002929268926382065,12.31880618970205
67,1.1810100078582764,1.1684807538986206,1.1703379154205322,1.166652798652649,0.6526535721712334,0.3129415754662004,0.7524044784002526,0.3044736702428308,1.1324581143467924,0.16805986644223678,0.00298631084314006,8.965471219259001,0.5122012011706829,0.2449507225304842,0.5829457795619964,0.24490803204476833,1.1400591385364534,0.16849049925804138,0.0029334395343903453,12.32723748789724
68,1.1833072900772095,1.169296145439148,1.1711548566818237,1.1674718856811523,0.6539237565079401,0.3147894294802533,0.7506013318549755,0.30632418151511703,1.131985764170802,0.16889210738414942,0.0029735993972957826,8.926115083349542,0.5118528068065643,0.24477075435221196,0.5825288808345794,0.24472779020667076,1.1408820259571075,0.1693076342344284,0.002937564126914367,12.335589445072449
69,1.1855051517486572,1.1700750589370728,1.1719268560409546,1.1682496070861816,0.6516529883063117,0.3127462144854457,0.7503801029781962,0.3044021136538927,1.1325769909592562,0.16969725160404694,0.0030253807551140874,8.935304181891047,0.5115201260149479,0.24459874540567397,0.5821314138174057,0.24455551110208035,1.141663761138916,0.17008385062217712,0.0029415051615796985,12.343582067549116
70,1.187635064125061,1.1708251237869263,1.1726748943328857,1.1689985990524292,0.65350548819054,0.31397690312113874,0.7516409526037615,0.305545856959598,1.1347031108168668,0.17044988950324613,0.0030074297317823524,8.927818550185048,0.5111980666220188,0.24443207696080207,0.5817471361160278,0.24438858389854431,1.1424181401729583,0.17083287239074707,0.002945325376931578,12.351335483818296
71,1.189704179763794,1.1715527772903442,1.173398733139038,1.1697237491607666,0.6497950207355411,0.31103892832301383,0.7503396882567295,0.30230728675459706,1.1351291842238849,0.1711977557387463,0.0030049260889808108,8.986757842167647,0.5108854809403419,0.24427014596760274,0.5813746047019959,0.24422640040516852,1.1431489062309266,0.1715584248304367,0.002949037009384483,12.358877188041856
72,1.1916309595108032,1.172211766242981,1.1740672588348389,1.1703977584838867,0.6506293554638707,0.31137490861637646,0.7514934200187062,0.3026074157204739,1.1361037936321525,0.17187497175710145,0.0029960558641442033,8.994482950918405,0.510595181286335,0.24411970935761929,0.581029108762741,0.24407572634518146,1.143820881843567,0.17222559452056885,0.0029524844558909535,12.365891223839284
73,1.1935352087020874,1.1728702783584595,1.1747262477874756,1.1710624694824219,0.6517560783513757,0.31317371580489844,0.7494388285071351,0.30451139842354974,1.1357236393662387,0.17255120880382005,0.0029957390019431885,8.952659625915208,0.5103082372248173,0.2439708411693573,0.5806879365444183,0.2439266223460436,1.1444864010810851,0.17288634181022644,0.002955895640188828,12.37283944866146
74,1.1954160928726196,1.1735239028930664,1.1753771305084229,1.1717214584350586,0.6507928378360216,0.3110668667873671,0.7526671844859456,0.30228498387475344,1.137746232886647,0.17321751093448595,0.0030369177950697757,9.004796616985455,0.510024666339159,0.24382357761263848,0.5803511250019073,0.243779124841094,1.1451456904411317,0.17354083061218262,0.0029592693713493645,12.379719929244702
75,1.1971498727798462,1.1741145849227905,1.1759727001190186,1.1723182201385498,0.6501377647699311,0.3116446587928506,0.7494666465493136,0.30282214838404986,1.1378584975420043,0.17382817247579263,0.0030488335354210334,8.97254540214248,0.5097641569375991,0.2436882458627224,0.5800420749187469,0.2436435741186142,1.1457443737983704,0.17413517832756042,0.002962371886242181,12.386049066739025
76,1.1988590955734253,1.1747044324874878,1.176558256149292,1.1729059219360352,0.649882706445317,0.31065211237169976,0.751455657703932,0.30208001389752986,1.137716599675112,0.174431765148806,0.0030602428948420077,9.028839728129348,0.5095072063803673,0.24355464190244674,0.579737594127655,0.243509753793478,1.1463363826274873,0.17472288012504578,0.002965434299549088,12.392303448470928
77,1.2004663944244385,1.1752574443817139,1.1771045923233032,1.173449993133545,0.651486894419027,0.3126865490231403,0.750028905480407,0.30373277151307393,1.1383814645368,0.17498575549486073,0.003046272124900201,8.971792696060733,0.509266155064106,0.24342920638620855,0.5794522643089295,0.2433841121941805,1.1468882501125335,0.175270676612854,0.002968310748692602,12.398180681050603
78,1.2020518779754639,1.175796389579773,1.177645206451416,1.173999309539795,0.6517799420412197,0.3134528492079225,0.7486275330532429,0.30462541621784833,1.1396147095879843,0.17554178712672966,0.003040325538211957,8.968172557663978,0.5090280504524708,0.24330523058772088,0.5791705965995788,0.24325993537902832,1.1474352407455444,0.17581364512443542,0.0029711507773026824,12.403994684316247
79,1.2035566568374634,1.176306962966919,1.1781561374664307,1.1745152473449707,0.650705999413202,0.31276057487310366,0.7477696933025537,0.30415985525347466,1.1392043828964233,0.17606265652318334,0.0030611198920713263,8.967427823560547,0.5088024061918258,0.24318765945732593,0.5789039373397827,0.2431421709805727,1.1479515266418456,0.17632612586021423,0.0029738451389130205,12.409512990525796
80,1.2049800157546997,1.1767871379852295,1.1786376237869263,1.1749993562698364,0.6509710993877676,0.31303452821665034,0.7477706247983977,0.3039887949477795,1.139734099077624,0.17656647171391998,0.003027056707989771,8.967938111620958,0.5085892507433891,0.24307654857635497,0.578652309179306,0.2430308774113655,1.1484370446205139,0.17680804431438446,0.002976392125710845,12.414732264384227
81,1.2063851356506348,1.1772642135620117,1.1791144609451294,1.1754798889160156,0.6518616087214891,0.3135767407542051,0.7484217785125555,0.3048976283780364,1.1406953057577445,0.1770468484177146,0.003048549698622421,8.936471255411083,0.5083786141872406,0.24296665750443935,0.5784038084745408,0.242920803129673,1.1489187824726104,0.17728619277477264,0.0029789108270779252,12.419898370545752
82,1.2076606750488281,1.1776893138885498,1.179542064666748,1.175910472869873,0.6527815773043522,0.3133204414747482,0.7513706677181776,0.30475812093463056,1.141484234222146,0.17749310440795366,0.0030192472514436516,8.97635760120295,0.5081880915164948,0.24286722019314766,0.5781792521476745,0.24282119639217853,1.1493497610092163,0.17771396040916443,0.0029811902937944977,12.424576580331784
83,1.2089186906814575,1.1781153678894043,1.1799647808074951,1.1763348579406738,0.6509071068708286,0.3128205296951671,0.7480426139609758,0.3040783504067465,1.1415452028429784,0.1779292421632035,0.0031092677476577636,9.003267942167463,0.5079999344050884,0.24276895232498646,0.5779576820135116,0.24272276453673838,1.1497773456573486,0.1781383454799652,0.002983443058328703,12.42920282328355
84,1.2100950479507446,1.1785093545913696,1.1803590059280396,1.176728367805481,0.6510719767836637,0.31195890539607335,0.7507549870845883,0.30321326072132865,1.1428225192912789,0.17833205572394437,0.0030514384419549,9.009255370553989,0.5078243175148964,0.24267718739807606,0.5777510070800781,0.24263084441423416,1.1501742315292358,0.17853224277496338,0.0029855475702788683,12.43352583910382
85,1.2112170457839966,1.1788859367370605,1.1807340383529663,1.1771026849746704,0.650569099673005,0.3119904095696848,0.7493819732998692,0.3034250895644343,1.1425249465676242,0.17872152096310326,0.0030542147646354903,9.012334130131231,0.507656841725111,0.24258965022861959,0.5775540804862976,0.24254315361380577,1.1505523931980133,0.17890755832195282,0.002987555208383128,12.4376523453189
86,1.2123057842254639,1.179253101348877,1.1810985803604126,1.177467942237854,0.6517077816087146,0.31358639999877574,0.7479455637377362,0.30490528861450594,1.1421929902808612,0.17909203227176224,0.0030714090464116876,8.954697318200202,0.5074942129850387,0.2425045809149742,0.5773629492521286,0.24245794296264647,1.1509208226203917,0.17927321791648865,0.0029895057319663464,12.441664928193784
87,1.2133188247680664,1.179589867591858,1.1814357042312622,1.177808403968811,0.651120476944502,0.3126379598018735,0.7490474075772041,0.3036566541291947,1.1440612840098003,0.1794392799222192,0.0030396873507713682,8.971914962487215,0.5073431101441384,0.24242551542818547,0.577185480594635,0.24237874135375023,1.1512615168094635,0.17961132526397705,0.0029913178959395737,12.445396400467034
88,1.2142783403396606,1.1799108982086182,1.1817553043365479,1.1781270503997803,0.6505355294360671,0.31191735766654793,0.7494951902433883,0.30310551389012225,1.1436799307202183,0.17976706596307976,0.0030818312797088955,9.001328716798772,0.5072000505030155,0.24235063076019286,0.5770175713300705,0.24230372801423072,1.1515837383270264,0.17993108928203583,0.0029930355073884128,12.44893262969123
89,1.2151983976364136,1.1802197694778442,1.1820610761642456,1.1784347295761108,0.6496569982101751,0.31223763456178266,0.746494474799134,0.30311023686514343,1.1437213795129644,0.18008374440115552,0.0030784402177993987,8.97161300925603,0.5070628349483013,0.2422787493467331,0.576856586933136,0.2422317238897085,1.151893527507782,0.1802385300397873,0.0029946833511348813,12.452328724060687
90,1.2160650491714478,1.180509328842163,1.1823498010635376,1.178723931312561,0.6501064647075742,0.31261542352826094,0.7465177185313646,0.3039225019341291,1.1434431990911795,0.180382635877576,0.003076819348322271,8.96507491614066,0.5069336003065109,0.24221103951334955,0.5767050576210022,0.2421638999134302,1.1521849048137665,0.1805276870727539,0.002996236003236845,12.45552931078172
91,1.2168864011764526,1.180781602859497,1.1826223134994507,1.1790021657943726,0.6521755255932031,0.3142399593841198,0.7473104429799456,0.3054508348537046,1.143669699513635,0.18066678022922472,0.0030928038204153783,8.951501945065468,0.5068110929429531,0.2421468310803175,0.576561461687088,0.2420995768904686,1.1524613571166993,0.18080203235149384,0.0029977069003507494,12.458565951139592
92,1.2176326513290405,1.1810293197631836,1.182868480682373,1.179248571395874,0.6483408936927485,0.3092500340453414,0.7512093907178834,0.30003662494032884,1.1462636673173239,0.1809252164391584,0.0030622335359302543,9.060923436031308,0.5067000511288643,0.24208862513303755,0.5764314210414887,0.2420412716269493,1.1527100229263305,0.18104879558086395,0.0029990417370572686,12.46131988755243
93,1.2183421850204468,1.1812641620635986,1.1831036806106567,1.1794846057891846,0.648662636792937,0.31109686646350593,0.7471085634342459,0.30161229382420696,1.145383331664773,0.1811618882902833,0.0030527744363711843,9.005830237173278,0.5065944203734398,0.24203322306275368,0.5763077229261399,0.24198577024042606,1.1529471945762635,0.18128415942192078,0.0030003122054040434,12.463942275800378
94,1.2190008163452148,1.1814830303192139,1.1833208799362183,1.1797024011611938,0.648102615461793,0.3098982939886492,0.7488349267216616,0.3008246350773545,1.145987293054891,0.18139116829910942,0.003083554713791886,9.021625459889883,0.5064964166283608,0.2419818114489317,0.5761930137872696,0.24193426772952079,1.1531668269634248,0.181502103805542,0.003001491109607741,12.466376547168423
95,1.2196208238601685,1.1816896200180054,1.1835254430770874,1.1799073219299316,0.6495373463907907,0.31079922599154847,0.7499340994413509,0.3020014069801153,1.1458144104757975,0.18160302365242048,0.003097759133345599,9.042378907937037,0.5064041592180729,0.24193339198827743,0.5760850715637207,0.2418857652693987,1.1533737814426421,0.1817074716091156,0.0030026014428585768,12.468669979415852
96,1.2201985120773315,1.181879997253418,1.1837166547775269,1.1800999641418457,0.6495167141736939,0.3114703198851541,0.7480868309043175,0.302557110786438,1.1458835047344829,0.1818003148533577,0.0031108518434298594,9.010130989695831,0.5063181649148464,0.24188826084136963,0.5759844917058945,0.24184055447578431,1.1535666716098785,0.18189887702465057,0.003003636164357886,12.470808407666683
97,1.2207449674606323,1.1820626258850098,1.1838970184326172,1.1802828311920166,0.6510804375243742,0.3134784878686417,0.7466691462106483,0.3042661119685617,1.1446773354397264,0.18199250465908715,0.0031088863006727987,8.94106102762555,0.5062367509305478,0.24184550829231738,0.5758893126249314,0.24179773032665253,1.1537500381469727,0.18208083510398865,0.0030046158714685588,12.47283471360075
98,1.221238374710083,1.1822259426116943,1.1840596199035645,1.1804463863372803,0.64759752986043,0.30962568868038265,0.7483330466026483,0.3004215782464937,1.1455482715784118,0.18216019938158434,0.003118347671684311,9.063257713173073,0.506163373887539,0.24180696606636048,0.5758035278320313,0.24175911970436573,1.1539144694805146,0.18224398791790009,0.0030054995941463858,12.474662105307575
99,1.2216931581497192,1.1823753118515015,1.1842097043991089,1.180598497390747,0.6478048795184423,0.3099903630655865,0.7478506128455318,0.30078407463639284,1.1467164449913556,0.18231923687596654,0.0030398991968764296,9.039894567961406,0.5060956878960132,0.24177142553031444,0.5757244509458542,0.24172351479530335,1.1540661644935608,0.18239450454711914,0.0030063142452854664,12.476347628523435
100,1.2221174240112305,1.1825156211853027,1.184349775314331,1.1807405948638916,0.6499736419943876,0.3117965690271799,0.748389815175256,0.3027113384978716,1.1459484155787978,0.1824651748635048,0.003054595736483502,8.998779192498285,0.5060325339436531,0.24173823796212673,0.5756506699323655,0.24169026896357537,1.1542080879211425,0.1825353354215622,0.0030070747947320343,12.477921777272531
101,1.222497820854187,1.182640790939331,1.1844749450683594,1.1808669567108154,0.6487636164177296,0.3108742115802543,0.7478760529396146,0.3014888997341311,1.1470612744952358,0.1825967543693476,0.0030734153697267175,9.006716684124443,0.5059759996831417,0.24170852445065974,0.5755846154689789,0.24166050106287001,1.1543346285820006,0.18266090750694275,0.0030077560408972204,12.47933176124291
102,1.2228461503982544,1.1827560663223267,1.1845897436141968,1.1809825897216797,0.6502901329550632,0.3120023282461388,0.7486362575098525,0.30272387297347536,1.1466662869897,0.18271863841733268,0.0030723376982022335,8.973745646120896,0.5059241679310799,0.24168129175901412,0.5755241191387177,0.24163322187960148,1.154450775384903,0.18277613818645477,0.003008380375104025,12.480624053987647
103,1.2231589555740356,1.182858943939209,1.1846927404403687,1.1810863018035889,0.647725006868673,0.3104069449527319,0.7464877103650293,0.30130625065676003,1.1471085271169974,0.18282596333775408,0.003046954849323388,9.038883158145827,0.5058776840567589,0.24165685087442398,0.575469828248024,0.24160873427987098,1.1545547723770142,0.18287932872772217,0.003008940772851929,12.481784135049761
104,1.2234537601470947,1.1829571723937988,1.1847901344299316,1.1811858415603638,0.651632470100425,0.314472820349904,0.7453196180421252,0.30538592296977374,1.1451614609984464,0.18292918957250062,0.0031019426059237746,8.916750998800177,0.5058337527513505,0.24163374714553357,0.5754185456037522,0.2415855910629034,1.1546539282798767,0.18297772109508514,0.0030094700830522927,12.482880945703196
105,1.2237133979797363,1.1830438375473022,1.1848759651184082,1.181272029876709,0.6488436862479808,0.3113430390177771,0.7467454914436784,0.3022785212757976,1.1469167387762735,0.18302117946536042,0.003080946134760716,8.998839049069883,0.5057950963079929,0.2416134211421013,0.5753734350204468,0.24156523175537586,1.1547408246994018,0.18306395411491394,0.003009936090093106,12.483845951801054
106,1.2239443063735962,1.1831209659576416,1.1849522590637207,1.1813485622406006,0.6477998467378838,0.30961835990811504,0.7487862234891847,0.3005223305419434,1.1469153013340263,0.1831019226201745,0.003129132833808314,9.041386560230325,0.5057607442140579,0.24159534864127635,0.5753333389759063,0.24154712505638598,1.154818083047867,0.1831406056880951,0.003010350572876632,12.484704219714011
107,1.2241538763046265,1.183190941810608,1.1850216388702393,1.1814191341400146,0.6506090004776799,0.3125057102635849,0.7480239202809889,0.30340026613584786,1.1470769269521846,0.18317683300999707,0.0030724208119736855,8.958878542202118,0.5057294979691506,0.24157891795039177,0.5752968972921372,0.24153066299855708,1.1548886072635651,0.1832105815410614,0.0030107271077577024,12.485484609154247
108,1.2243292331695557,1.1832488775253296,1.1850794553756714,1.1814765930175781,0.6494408450847449,0.311697056127149,0.7472360993540564,0.30283223352459976,1.1469064091527186,0.18323871961166693,0.0031017238831927262,8.99055393184028,0.5057034291326999,0.2415652147680521,0.5752664935588837,0.2415169384330511,1.1549467957019806,0.18326830863952637,0.003011041443096474,12.486135374271447
109,1.2244873046875,1.1833016872406006,1.1851317882537842,1.1815290451049805,0.650563097277353,0.31237889029258903,0.7482733650262966,0.30321082871320637,1.146869450114494,0.18329419871402342,0.0030567009221264267,8.952380354232446,0.5056799252331257,0.2415528368204832,0.5752390497922897,0.24150453723967075,1.15499972820282,0.18332085013389587,0.003011325417319313,12.486723468815454
110,1.224625587463379,1.183347463607788,1.1851774454116821,1.1815756559371948,0.64741904375165,0.3096230943189111,0.7478216415227845,0.30047530802183375,1.1474893176278402,0.18334412522787272,0.003093621532465223,9.0422950640045,0.5056593123078347,0.2415420001745224,0.5752150297164917,0.24149368040263652,1.1550461113452912,0.18336686491966248,0.003011573631083593,12.487238186646104
111,1.224745273590088,1.1833871603012085,1.185217022895813,1.1816160678863525,0.6505874547847482,0.31300154900134997,0.7466538382130999,0.30389107503863266,1.146215752113697,0.18338657066572545,0.0030833235197310705,8.977329906752823,0.5056414836645127,0.24153261959552766,0.575194228887558,0.2414842791110277,1.1550863134860991,0.1834067553281784,0.0030117885675281287,12.487683895533534
112,1.2248449325561523,1.1834203004837036,1.185250163078308,1.1816489696502686,0.6467176322327104,0.3085128110508586,0.7490767718747605,0.2992016666157301,1.1483528627905735,0.1834230339804361,0.0030747842893740812,9.055013331324783,0.5056266736984253,0.2415248180925846,0.5751769268512725,0.24147646769881248,1.155119650363922,0.18343982100486755,0.0030119676142930985,12.488054660857795
113,1.2249317169189453,1.1834492683410645,1.1852788925170898,1.181678056716919,0.6482263560905013,0.31084399271843044,0.7465693035791087,0.3016525385684745,1.1468134342237961,0.18345344326523846,0.0031031616801006157,8.996842290588342,0.5056137315928936,0.24151801481842994,0.5751618540287018,0.241469649001956,1.1551487851142883,0.1834687441587448,0.0030121235665865245,12.488377940495802
114,1.2250021696090698,1.183472752571106,1.1853022575378418,1.1817013025283813,0.6474014714706776,0.3092499226331711,0.7488112421922906,0.29996370108321657,1.1476634976475737,0.18348041540661522,0.00307546750111722,9.057977390441778,0.5056032392382622,0.24151249706745148,0.575149627327919,0.2414641224592924,1.1551723432540895,0.18349210917949677,0.0030122501438017936,12.488640039954827
115,1.2250618934631348,1.183492660522461,1.1853221654891968,1.1817209720611572,0.6503077087014221,0.31183008589716843,0.7490289758804233,0.3029490264002667,1.1474223497302034,0.1835015097329783,0.003105320009337955,8.992831489814346,0.505594342648983,0.24150781653821468,0.5751392477750779,0.24145944111049175,1.1551923191547393,0.18351194262504578,0.0030123575299512593,12.488862275510717
116,1.225112795829773,1.1835098266601562,1.185339093208313,1.1817381381988525,0.648510801237683,0.3111278674630232,0.7464489285335985,0.30224058950363203,1.1467641037563945,0.18352049225291542,0.003123730282992298,9.00970202470591,0.5055867552757263,0.24150382049381733,0.5751303905248641,0.2414554315060377,1.1552095544338226,0.18352901935577393,0.0030124491429887714,12.489052286317804
117,1.2251540422439575,1.1835235357284546,1.1853528022766113,1.1817518472671509,0.6494231643371804,0.3112151354204777,0.7484790419423303,0.302226718948331,1.1483546287514443,0.18353608839733657,0.0030739601284568738,9.02323267755365,0.5055806240439416,0.2415005896985531,0.5751232397556305,0.24145219333469867,1.1552233624458312,0.18354272842407227,0.0030125232588034123,12.48920585640662
118,1.2251888513565063,1.183535099029541,1.1853644847869873,1.1817635297775269,0.648963705051777,0.3108677685607311,0.7483346164226532,0.3016035650358644,1.1480065736659737,0.18354855443156043,0.0030707837526448246,8.989506268172356,0.5055754339694977,0.24149785578250885,0.5751171737909317,0.2414494591206312,1.1552350974082948,0.18355438113212585,0.003012585928663611,12.48933569340249
119,1.225219488143921,1.1835452318191528,1.1853746175765991,1.1817736625671387,0.6471146532269412,0.30863320013118345,0.7497788986494375,0.29921363536701645,1.1479073055954867,0.1835594950027244,0.003072244509090778,9.052363080007213,0.5055708706378936,0.24149546071887015,0.5751118642091751,0.2414470548927784,1.1552453112602235,0.18356451392173767,0.0030126409407239406,12.489449664571655
120,1.2252475023269653,1.1835546493530273,1.1853840351104736,1.1817830801010132,0.6501446986614272,0.31232111502525417,0.7473055581713832,0.30349585795125295,1.14626273582148,0.18356911612804547,0.0031583301322318093,8.989700518647618,0.5055667090415955,0.24149326033890248,0.5751069921255112,0.24144485153257847,1.1552548038959503,0.18357393145561218,0.0030126914381980894,12.48955423555207
